cap.universal,user_id,status_id
0.0027296302,709077219197522000,1086500749557880000
0.0019358455,399102805,1.086500755476e+18
0.1169359666,793469632526950000,1086500760626510000
0.1169359666,793469632526950000,1086502076434110000
0.1169359666,793469632526950000,1086501332729510000
0.0021984409,1917616352,1086500761431920000
0.0021984409,1917616352,1086504895270790000
0.0021984409,1917616352,1086501222260060000
0.0021984409,1917616352,1086522242752750000
0.0021984409,1917616352,1086500919812990000
0.0021984409,1917616352,1086509902783270000
0.0021984409,1917616352,1086502335269010000
0.0021984409,1917616352,1086501033331830000
0.0080481113,14085530,1086500763973520000
0.0080481113,14085530,1086500812317170000
0.0080481113,14085530,1086500851089400000
0.0080481113,14085530,1086500891522450000
0.0031168176,4724607930,1086501245894900000
0.0031168176,4724607930,1086501627932990000
0.0031168176,4724607930,1086501335183250000
0.0031168176,4724607930,1086501943235620000
0.0031168176,4724607930,1086500892335990000
0.0031168176,4724607930,1086502458052960000
0.0031168176,4724607930,1086500790036920000
0.0031168176,4724607930,1086502068720870000
0.0031168176,4724607930,1086501305340720000
0.0210410941,958870321141989000,1086503915300910000
0.0210410941,958870321141989000,1086500792276680000
0.0210410941,958870321141989000,1086503363825430000
0.002571044,2861630785,1086500793795180000
0.0043042405,6413942,1086500797779760000
0.0027296302,47839962,1086500805253840000
0.0021009963,51643119,1086513932322380000
0.0021009963,51643119,1086501840932530000
0.0021009963,51643119,1086500805878920000
0.005778301,255377534,1086500821146060000
0.0024313662,4207508772,1086501916626940000
0.0024313662,4207508772,1086501463734480000
0.0024313662,4207508772,1086501311644810000
0.0024313662,4207508772,1086502066955050000
0.0024313662,4207508772,1086500828754530000
0.0024313662,4207508772,1086501828135600000
0.0024313662,4207508772,1086501490447900000
0.0024313662,4207508772,1086501899979780000
0.0024313662,4207508772,1086514478240300000
0.0031168176,2359094694,1086500829522080000
0.0031168176,2359094694,1086500981502690000
0.0021009963,4276793897,1086515343554760000
0.0021009963,4276793897,1086500930147760000
0.0021009963,4276793897,1086500839164920000
0.0210410941,2481438896,1086500844860620000
0.0036261935,4317148034,1086500858571890000
0.0036261935,4317148034,1086500966130570000
0.0024313662,636573846,1086500859486330000
0.0238115685,2893582796,1086500940146830000
0.0238115685,2893582796,1086500864045400000
0.0238115685,2893582796,1086501054559150000
0.0018018679,1872887724,1086500883557500000
0.2696832268,926369551989793000,1086500902087860000
0.0071838464,988473162147885000,1086500906806350000
0.0071838464,988473162147885000,1086520275502420000
0.0343584942,898507341905011000,1086505657975560000
0.0343584942,898507341905011000,1086503923903490000
0.0343584942,898507341905011000,1086503891821160000
0.0343584942,898507341905011000,1086500908702170000
0.0047253618,22966926,1086500912049370000
0.0052133097,3101901218,1086500926381130000
0.0543046098,1027210064371770000,1086500929287820000
0.005778301,2866034240,1086500941447260000
0.0024313662,290155072,1086500943552790000
0.0027296302,383432429,1086500952939610000
0.003353677,387735487,1086500961357650000
0.0021009963,1673381665,1086524953594280000
0.0021009963,1673381665,1086523082569710000
0.0021009963,1673381665,1086500963047920000
0.048615291,1065458595754470000,1086500965224610000
0.0343584942,969048703297343000,1086502091076620000
0.0343584942,969048703297343000,1086501418515740000
0.0343584942,969048703297343000,1086500968408250000
0.0343584942,969048703297343000,1086501721352880000
0.048615291,828119840,1086500969553130000
0.0020139367,281192214,1086500994614290000
0.0020139367,281192214,1086514023053610000
0.0020139367,281192214,1086514082830830000
0.0029102973,257289793,1086501022682350000
0.0304504448,994943573157179000,1086505065920240000
0.0304504448,994943573157179000,1086501025182380000
0.0304504448,994943573157179000,1086501548803400000
0.0304504448,994943573157179000,1086501747340860000
0.0304504448,994943573157179000,1086501278572790000
0.0304504448,994943573157179000,1086501703589990000
0.0020139367,21133076,1086501028567150000
0.0047253618,60830588,1086501783852040000
0.0047253618,60830588,1086501414665310000
0.0047253618,60830588,1086501039304400000
0.003353677,183909555,1086501056995970000
0.003353677,183909555,1086503094517550000
0.0023079208,53330023,1086501059290370000
0.1306559844,1050198325528390000,1086513254048790000
0.1306559844,1050198325528390000,1086514927626480000
0.1306559844,1050198325528390000,1086525354708150000
0.1306559844,1050198325528390000,1086520635436590000
0.1306559844,1050198325528390000,1086523540407370000
0.1306559844,1050198325528390000,1086519875965640000
0.1306559844,1050198325528390000,1086501059776800000
0.1306559844,1050198325528390000,1086501397900680000
0.1306559844,1050198325528390000,1086507238057890000
0.1306559844,1050198325528390000,1086519535178460000
0.1306559844,1050198325528390000,1086517072547390000
0.1306559844,1050198325528390000,1086522824229970000
0.1306559844,1050198325528390000,1086508318288280000
0.1306559844,1050198325528390000,1086510865732390000
0.1306559844,1050198325528390000,1086502377341890000
0.1306559844,1050198325528390000,1086512866503480000
0.1306559844,1050198325528390000,1086503949123780000
0.1306559844,1050198325528390000,1086506107848190000
0.1306559844,1050198325528390000,1086523877985970000
0.1306559844,1050198325528390000,1086517445378990000
0.1306559844,1050198325528390000,1086514012752240000
0.1306559844,1050198325528390000,1086516732305370000
0.1306559844,1050198325528390000,1086502763150830000
0.1306559844,1050198325528390000,1086507941631470000
0.1306559844,1050198325528390000,1086522454531440000
0.1306559844,1050198325528390000,1086504286786190000
0.1306559844,1050198325528390000,1086513636024010000
0.1306559844,1050198325528390000,1086505410012470000
0.1306559844,1050198325528390000,1086522103090690000
0.003353677,29255102,1086501070069790000
0.002571044,2229089527,1086501078265400000
0.0024313662,169702646,1086501080064640000
0.005778301,2183681881,1086501088092740000
0.0043042405,150496149,1086501108967600000
0.0018018679,38300297,1086501139380610000
0.0019358455,3561436276,1086501140244710000
0.0605591627,1472880373,1086501143499470000
0.0605591627,1472880373,1.086501746632e+18
0.0064312928,19170540,1086501147647470000
0.0064312928,19170540,1086501784221210000
0.0064312928,1025470692559660000,1086501149539220000
0.011448498,4273127412,1086501167977220000
0.0129074374,3241752534,1086501174075970000
0.0047253618,1918647991,1086501204102970000
0.0020139367,462154583,1086501592407400000
0.0020139367,462154583,1086501938471100000
0.0020139367,462154583,1086501213284300000
0.0020139367,462154583,1086501489865050000
0.0020139367,462154583,1.08650197018e+18
0.0018655052,737989818374717000,1086501220217280000
0.0019358455,281335419,1086501222289270000
0.0543046098,881233422018118000,1086502442928350000
0.0543046098,881233422018118000,1086501997845660000
0.0543046098,881233422018118000,1086504885204540000
0.0543046098,881233422018118000,1086501229612680000
0.0543046098,881233422018118000,1086502535794430000
0.0543046098,881233422018118000,1086502516601300000
0.0543046098,881233422018118000,1086502047292320000
0.0019358455,3114279548,1086501272142920000
0.0064312928,756237713544778000,1086501274449780000
0.0064312928,756237713544778000,1086501614142270000
0.0036261935,938918035020067000,1086502052216200000
0.0036261935,938918035020067000,1086501282410420000
0.0018655052,230264349,1086501285153520000
0.0023079208,820691546,1086501291784690000
0.0071838464,948933208825004000,1086501295178030000
0.1169359666,590564056,1086501298885730000
0.1169359666,590564056,1086502053134780000
0.0024313662,2899408436,1086501460794180000
0.0024313662,2899408436,1086501303377770000
0.0024313662,847302374255321000,1086501305470850000
0.7312451284,949316781981577000,1086523463190310000
0.7312451284,949316781981577000,1086521735837410000
0.7312451284,949316781981577000,1086520011806580000
0.7312451284,949316781981577000,1086502823334900000
0.7312451284,949316781981577000,1086501308088040000
0.7312451284,949316781981577000,1086513140567690000
0.7312451284,949316781981577000,1086511422501080000
0.7312451284,949316781981577000,1086514858684600000
0.7312451284,949316781981577000,1086518470685020000
0.7312451284,949316781981577000,1086509877277520000
0.7312451284,949316781981577000,1.086504549509e+18
0.7312451284,949316781981577000,1086506265667300000
0.0090370494,42916783,1086501309103180000
0.0185992273,1069795410695390000,1086501312462820000
0.0017440334,322827722,1086501325695780000
0.0031168176,3294342656,1086501329768510000
0.6366637043,1081493689577270000,1086516232373730000
0.6366637043,1081493689577270000,1086512639155400000
0.6366637043,1081493689577270000,1086518102467130000
0.6366637043,1081493689577270000,1086515492490100000
0.6366637043,1081493689577270000,1086509022616870000
0.6366637043,1081493689577270000,1086520875820580000
0.6366637043,1081493689577270000,1086513004336660000
0.6366637043,1081493689577270000,1086502029659260000
0.6366637043,1081493689577270000,1086513725614350000
0.6366637043,1081493689577270000,1086503762095530000
0.6366637043,1081493689577270000,1086511571503730000
0.6366637043,1081493689577270000,1086519711053930000
0.6366637043,1081493689577270000,1086520507183160000
0.6366637043,1081493689577270000,1.0865226597e+18
0.6366637043,1081493689577270000,1086519309101200000
0.6366637043,1081493689577270000,1086512293318340000
0.6366637043,1081493689577270000,1086509411286190000
0.6366637043,1081493689577270000,1086524793971630000
0.6366637043,1081493689577270000,1086507611015440000
0.6366637043,1081493689577270000,1086501334071760000
0.6366637043,1081493689577270000,1086524421869690000
0.6366637043,1081493689577270000,1086508314047900000
0.6366637043,1081493689577270000,1086517730952400000
0.6366637043,1081493689577270000,1086510492862960000
0.6366637043,1081493689577270000,1086517342853490000
0.0021009963,24296988,1086501346260500000
0.0047253618,19511995,1086502399693400000
0.0047253618,19511995,1086501548778130000
0.0047253618,19511995,1086501381748400000
0.0047253618,19511995,1086501679548100000
0.0047253618,19511995,1086505028439830000
0.0047253618,19511995,1086501370490800000
0.0047253618,19511995,1086501348399450000
0.0017440334,2212877292,1086501349896960000
0.0031168176,36439088,1086501441764610000
0.0031168176,36439088,1086501350995720000
0.0751931141,1048235916018550000,1086502250170730000
0.0751931141,1048235916018550000,1086502591490650000
0.0751931141,1048235916018550000,1086513576595070000
0.0751931141,1048235916018550000,1086519883662310000
0.0751931141,1048235916018550000,1086517684773290000
0.0751931141,1048235916018550000,1086511271246220000
0.0751931141,1048235916018550000,1086516031479310000
0.0751931141,1048235916018550000,1086513132179210000
0.0751931141,1048235916018550000,1086504655952230000
0.0751931141,1048235916018550000,1086506029863630000
0.0751931141,1048235916018550000,1.086501354259e+18
0.005778301,540581670,1086501358461690000
0.0080481113,1041169758920550000,1086501372500080000
0.002571044,431600411,1086501394507620000
0.0031168176,90810851,1086501405177930000
0.0036261935,865763297370530000,1086501414774270000
0.0021009963,111614512,1086501415139320000
0.0036261935,877312132722721000,1086501428158520000
0.0021009963,1135280695,1086501431576850000
0.0019358455,303053142,1.086501434001e+18
0.0185992273,760157425651548000,1086501467295500000
0.0185992273,760157425651548000,1086504764131680000
0.0036261935,1703157144,1086501479375020000
0.0080481113,762954253895766000,1086501485872010000
0.0080481113,762954253895766000,1086502383654360000
0.0020139367,2368927434,1086501495527430000
0.0020139367,491786103,1086501501147720000
0.0043042405,4750673155,1086501523792640000
0.0020139367,297196399,1086501525441020000
0.0064312928,499978490,1086504195358890000
0.0064312928,499978490,1086501540200890000
0.0064312928,499978490,1086503795922740000
0.0027296302,900391164511236000,1086501548132320000
0.0023079208,30998331,1086501553266150000
0.0023079208,30998331,1086501928849340000
0.0164523048,841198850996130000,1086501554839010000
0.0024313662,1282896877,1086501575130960000
0.0019358455,2555145151,1086501583330800000
0.0238115685,2273797213,1086501587206500000
0.0064312928,839348852851421000,1086501587684660000
0.0024313662,48977459,1086501587550230000
0.0024313662,2786329109,1086501604906410000
0.0027296302,15335162,1086501732350290000
0.0027296302,15335162,1086501612963520000
0.0027296302,15335162,1086509218922820000
0.0027296302,15335162,1086516557331630000
0.0036261935,36811176,1086501616683870000
0.0027296302,145775238,1086503849148540000
0.0027296302,145775238,1086501790953190000
0.0027296302,145775238,1086501639593360000
0.0027296302,145775238,1086501762792590000
0.0027296302,145775238,1086501808435060000
0.0027296302,145775238,1086501619259320000
0.0027296302,145775238,1086501664067120000
0.0018018679,3016037193,1086502047879430000
0.0018018679,3016037193,1086501626708460000
0.0024313662,303014934,1086501630550260000
0.002571044,61732880,1086501637680700000
0.0164523048,839852038523539000,1086501637638680000
0.002571044,1716507086,1086501638297140000
0.0018655052,2486626659,1086501639840830000
0.0036261935,763963480420475000,1086501639786090000
0.0164523048,1036905308,1086501646497080000
0.0238115685,1083373083518530000,1086502422346900000
0.0238115685,1083373083518530000,1086501648959190000
0.0023079208,46415331,1086501657842800000
0.011448498,222381511,1086507231493840000
0.011448498,222381511,1086501659562280000
0.011448498,222381511,1086510778432200000
0.011448498,222381511,1086510680566420000
0.011448498,222381511,1086507189513010000
0.1169359666,936283867086049000,1086501662724950000
0.0129074374,1049472801130730000,1086502283049720000
0.0129074374,1049472801130730000,1086501663391740000
0.0029102973,15178195,1086501672904320000
0.0043042405,966842714603115000,1086501700138160000
0.0016912294,1733170740,1086501713190760000
0.0018655052,2737906073,1086501723986900000
0.0238115685,927359224195244000,1086501728147730000
0.0020139367,263420835,1086501738516050000
0.0047253618,1164168348,1086501738906040000
0.0101649883,1014120730622030000,1086501744886970000
0.0052133097,3344975008,1086501751929350000
0.0019358455,64027699,1086501758602490000
0.0018655052,123056413,1086501765758050000
0.0129074374,2930143902,1086501777069860000
0.0029102973,716330840104395000,1086501784124910000
0.0029102973,898364876472570000,1086501792135860000
0.0021984409,46815698,1086501804559430000
0.0021984409,46815698,1086507023326370000
0.0080481113,1030940987647050000,1086501861845340000
0.0080481113,1030940987647050000,1086501839158290000
0.0080481113,1030940987647050000,1086501812142830000
0.0304504448,833565222212293000,1086502986627440000
0.0304504448,833565222212293000,1086501817209450000
0.0036261935,18316637,1086501841167370000
0.0838511473,3145571546,1086502227533960000
0.0838511473,3145571546,1086501844581440000
0.2212161603,927788305608933000,1086501853376860000
0.0129074374,153216426,1086502378633860000
0.0129074374,153216426,1086501859697850000
0.0016912294,591363770,1086501897786190000
0.002571044,125856299,1086501901515010000
0.0021009963,73801210,1086502073162600000
0.0021009963,73801210,1086501910700380000
0.0021984409,42672238,1086501915867790000
0.003353677,173262124,1086501921219720000
0.0019358455,77339879,1086504977059720000
0.0019358455,77339879,1086504933090890000
0.0019358455,77339879,1086501959736140000
0.0019358455,77339879,1086501987896780000
0.0064312928,909515478044836000,1086501990295720000
0.0090370494,1557165589,1086505618909920000
0.0090370494,1557165589,1086502006649280000
0.026940289,918975935361163000,1086502020155100000
0.0101649883,2950492710,1086502042833700000
0.0101649883,2950492710,1086502488042340000
0.0029102973,456871591,1086502046545530000
0.0029102973,456871591,1086502477493560000
0.0145658524,1029524531931530000,1086502105836270000
0.0021984409,375928712,1086502126384270000
0.0023079208,921837559,1086502126925300000
0.0071838464,157176977,1086502130075300000
0.0016912294,1021419408,1086502135087300000
0.0021009963,14691975,1086502143043940000
0.0024313662,727820064687198000,1086502145568870000
0.0238115685,742810092454564000,1086502154846790000
0.0238115685,742810092454564000,1086504152182730000
0.0238115685,742810092454564000,1086502594778970000
0.0027296302,4832632153,1086502222794440000
0.005778301,3417075552,1086504292347830000
0.005778301,3417075552,1086506125690720000
0.005778301,3417075552,1086502356437490000
0.005778301,3417075552,1086502234169370000
0.0024313662,839616374,1086502234559580000
0.0024313662,839616374,1086503028939810000
0.0024313662,839616374,1086503091489390000
0.0024313662,839616374,1086502326582560000
0.6114643136,1078315281485830000,1086502241975050000
0.0021009963,399536074,1086502243740910000
0.0238115685,910056026346541000,1086502245661900000
0.0145658524,764228131725185000,1086504586599370000
0.0145658524,764228131725185000,1086502249461890000
0.0145658524,764228131725185000,1086506166795020000
0.002571044,497698659,1086502281334400000
0.0020139367,165310340,1086502281858700000
0.0047253618,1177048124,1086502287781090000
0.011448498,3971112554,1086503564665600000
0.011448498,3971112554,1086502292008980000
0.0031168176,269185666,1086502299059400000
0.0021009963,538445210,1086502323151490000
0.0018018679,2767050507,1086502352390120000
0.0019358455,2165867868,1086502370232530000
0.0021984409,278903300,1086502372308860000
0.0021984409,278903300,1086502604430020000
0.0021984409,278903300,1086502558330510000
0.0021984409,278903300,1086502633819530000
0.0021984409,278903300,1086502871833690000
0.0043042405,248442133,1086502377983700000
0.0043042405,248442133,1086510599549350000
0.0043042405,248442133,1086511576868280000
0.0043042405,248442133,1086511744506160000
0.0043042405,248442133,1086508829607480000
0.0043042405,248442133,1086511330268350000
0.0043042405,248442133,1086510208463990000
0.0043042405,248442133,1086507030007870000
0.0043042405,248442133,1086508599445140000
0.0043042405,248442133,1086509227009400000
0.0043042405,248442133,1086508081943440000
0.0043042405,248442133,1086512072781790000
0.0043042405,248442133,1086507500474580000
0.0043042405,248442133,1086506125896280000
0.0043042405,248442133,1086512842533040000
0.0043042405,248442133,1.086503772359e+18
0.4458600036,2792299764,1086502381494370000
0.0145658524,1000898826813640000,1086502381431350000
0.0027296302,817572020120650000,1086502388175900000
0.0027296302,817572020120650000,1086502764644050000
0.0020139367,880989788,1086502390692370000
0.0020139367,880989788,1086502521990830000
0.0019358455,1070130900,1086502398649080000
0.0036261935,968008947725554000,1086502411244430000
0.003353677,2196577429,1086502422887920000
0.0018655052,3182345779,1086502426729800000
0.0052133097,2411557254,1086502430668450000
0.0024313662,2611860198,1086502517620370000
0.0024313662,2611860198,1086502608179610000
0.0024313662,2611860198,1086502440738780000
0.0021984409,26291375,1086502444165680000
0.0047253618,715090816335757000,1086515212172300000
0.0047253618,715090816335757000,1086514460741820000
0.0047253618,715090816335757000,1086514317309160000
0.0047253618,715090816335757000,1086514349471160000
0.0047253618,715090816335757000,1086514665772010000
0.0047253618,715090816335757000,1086514418593220000
0.0047253618,715090816335757000,1086514221137960000
0.0047253618,715090816335757000,1086514233716690000
0.0047253618,715090816335757000,1086515345358240000
0.0047253618,715090816335757000,1086514266210030000
0.0047253618,715090816335757000,1086502448074840000
0.0024313662,2980392341,1086502458770250000
0.0043042405,61989803,1086502461597080000
0.0043042405,61989803,1086517520184500000
0.0043042405,61989803,1086502686181080000
0.0019358455,29698802,1086502464436590000
0.0018655052,37518066,1086502465107710000
0.0021009963,221722055,1086509211045880000
0.0021009963,221722055,1086502479959720000
0.2212161603,828947348181119000,1086502495252330000
0.0080481113,842951930972320000,1086503186188320000
0.0080481113,842951930972320000,1086502675779210000
0.0080481113,842951930972320000,1086503977397540000
0.0080481113,842951930972320000,1086503276462230000
0.0080481113,842951930972320000,1086502501728150000
0.0021009963,21504657,1086502513468040000
0.1623075835,39001569,1086502515791740000
0.1306559844,1086481861591950000,1086502536742350000
0.0024313662,28974725,1086502545177010000
0.0020139367,120494097,1086502550101060000
0.0043042405,274772305,1086504671278240000
0.0043042405,274772305,1086507031761220000
0.0043042405,274772305,1.086502552966e+18
0.0043042405,274772305,1086503021339640000
0.0031168176,452392620,1086502553544780000
0.0039406236,2794146533,1086502561283140000
0.0039406236,2794146533,1086514444916520000
0.0039406236,2794146533,1086509518836490000
0.0129074374,1016605624812130000,1086502567771810000
0.0021984409,575028967,1086502584066730000
0.0021009963,305670996,1086502584746150000
0.0238115685,1085949834228650000,1086502602819470000
0.0024313662,577296838,1086502783967220000
0.0024313662,577296838,1086502607135360000
0.0024313662,577296838,1086502717038760000
0.0101649883,19203378,1.086502607303e+18
0.5591583735,2851265512,1086502611342130000
0.0017440334,112290056,1086502611640030000
0.0129074374,954233104746467000,1086502639888550000
0.0016427961,2281793276,1086502640639460000
0.0021009963,156044407,1086502642065430000
0.0021984409,167225635,1086502657739710000
0.0936084193,994689613636784000,1086503044567710000
0.0936084193,994689613636784000,1086503343877510000
0.0936084193,994689613636784000,1086502657710320000
0.0936084193,994689613636784000,1086503689962080000
0.003353677,2179599787,1086502675271880000
0.0021009963,37517248,1086504226308670000
0.0021009963,37517248,1086502687577910000
0.0145658524,803806316556730000,1086502693508590000
0.0145658524,803806316556730000,1086503224759080000
0.0064312928,1018366607007970000,1.086502707052e+18
0.0027296302,869226507964645000,1086503285110930000
0.0027296302,869226507964645000,1086502733761270000
0.0027296302,869226507964645000,1086510570612740000
0.0043042405,1024253549855870000,1086502742418510000
0.0020139367,4488329835,1086502772248400000
0.0024313662,547352373,1086502778338400000
0.0023079208,3068334099,1086502782016940000
0.0052133097,1188273067,1086503122342760000
0.0052133097,1188273067,1086502952238490000
0.0052133097,1188273067,1086502803361670000
0.0052133097,1188273067,1086503710904210000
0.0052133097,1188273067,1086502969841990000
0.0052133097,1188273067,1086503882711320000
0.0020139367,2715056885,1086502816225600000
0.0020139367,2715056885,1086502898173990000
0.0185992273,1022367372555020000,1086502823385330000
0.0047253618,3294280128,1086502823670570000
0.0021009963,709554089466532000,1086502847028570000
0.0023079208,145768787,1086502849738080000
0.0023079208,29234863,1086502850329340000
0.0036261935,2345482132,1086502864309180000
0.0019358455,281465943,1086504516831270000
0.0019358455,281465943,1086502875579050000
0.0751931141,293624050,1086502911788620000
0.0751931141,293624050,1086518022519600000
0.011448498,135307168,1086502913961280000
0.002571044,4196017085,1086502926951030000
0.244462545,2923448714,1086503033540960000
0.244462545,2923448714,1086503048426500000
0.244462545,2923448714,1086502939886310000
0.0023079208,940023050,1086502946815330000
0.0039406236,1455532962,1086503577156310000
0.0039406236,1455532962,1086502950573390000
0.026940289,868723337270133000,1086502955459670000
0.0029102973,14319541,1086502958085360000
0.0052133097,1051655990666580000,1086502962409680000
0.1998825988,2831175455,1086502980889790000
0.0064312928,2568043866,1086524233264620000
0.0064312928,2568043866,1086502987080580000
0.0064312928,2568043866,1086510748384280000
0.0024313662,2355896443,1086503022790800000
0.0020139367,80629293,1086503025181520000
0.0674790608,966033642463130000,1086503030789490000
0.0029102973,39689480,1086503037802230000
0.0064312928,124814437,1086503051832240000
0.0027296302,197987063,1086503078314970000
0.0031168176,300700336,1086503081607610000
0.0036261935,122738428,1.086503081209e+18
0.0036261935,122738428,1086504083844850000
0.0023079208,1075116084,1086503089803150000
0.0021984409,18193223,1086503119796660000
0.0129074374,1046495335994990000,1086503125907850000
0.0031168176,30350199,1086503131213650000
0.0052133097,165775283,1086503152868680000
0.0052133097,165775283,1086504746322520000
0.0018018679,719097378,1086503199421350000
0.0018018679,719097378,1086503158170280000
0.5591583735,1092103405,1086503169440520000
0.0386770304,132367706,1086503196611240000
0.0023079208,3821484558,1086511484010550000
0.0023079208,3821484558,1086503845226660000
0.0023079208,3821484558,1086503633796030000
0.0023079208,3821484558,1086510308179440000
0.0023079208,3821484558,1086503897194100000
0.0023079208,3821484558,1086503213241520000
0.0021984409,164383499,1086517096752820000
0.0021984409,164383499,1086503214588060000
0.0021984409,164383499,1086503544109320000
0.005778301,64970598,1086503221366060000
0.0071838464,18561005,1086505963799090000
0.0071838464,18561005,1086505200439960000
0.0071838464,18561005,1086503839413470000
0.0071838464,18561005,1086506234109410000
0.0071838464,18561005,1086503230148870000
0.0071838464,18561005,1086506855470430000
0.0071838464,18561005,1086503372574920000
0.0071838464,18561005,1086507578211920000
0.0071838464,18561005,1086504994910720000
0.0238115685,971198092765643000,1086503232082400000
0.0021009963,709673172581224000,1086503238575120000
0.0036261935,1031672483894760000,1086503242119420000
0.0019358455,37271225,1086503245361480000
0.0164523048,1327618117,1086503254010290000
0.0023079208,2241393188,1086503254882690000
0.5040161684,271496653,1086518372806940000
0.5040161684,271496653,1086503528951180000
0.5040161684,271496653,1086503261891430000
0.5040161684,271496653,1086518630001580000
0.0064312928,795581459918561000,1086503269407510000
0.0027296302,846244675,1086503285580800000
0.0027296302,846244675,1086503940647200000
0.0027296302,846244675,1086503467621990000
0.0029102973,14834876,1086503459472450000
0.0029102973,14834876,1086503291364660000
0.0021009963,26993187,1086503298826330000
0.011448498,1010153539673430000,1086517032772950000
0.011448498,1010153539673430000,1086503541978660000
0.011448498,1010153539673430000,1086503328509550000
0.011448498,1010153539673430000,1086516556849400000
0.011448498,1010153539673430000,1086503851526710000
0.011448498,1010153539673430000,1086517150532160000
0.0043042405,896785329516053000,1086503331659510000
0.002571044,165889595,1086503343227370000
0.0238115685,1070799163040910000,1086503347916540000
0.0024313662,632919958,1086503372637720000
0.0434208694,46285150,1086503384906030000
0.0020139367,340715595,1086503388102230000
0.0031168176,1672309056,1086510651416010000
0.0031168176,1672309056,1086503405789430000
0.0036261935,135634724,1086503408113070000
0.0024313662,3439859284,1086503427625140000
0.0036261935,3133809330,1086503454908920000
0.0021984409,42042766,1086503468918100000
0.0031168176,796185392256926000,1086503507983620000
0.0018655052,630306751,1086503509355360000
0.0064312928,967469304991179000,1086503528749780000
0.1623075835,1002633122834530000,1086503530389790000
0.0047253618,2627579363,1086503532126240000
0.6366637043,920430841532244000,1086503532293960000
0.0036261935,459931418,1086503532193350000
0.0064312928,218853111,1086503540405800000
0.0064312928,218853111,1086503544923010000
0.0039406236,827984122656219000,1086503543895410000
0.0052133097,512638534,1086503549708620000
0.0031168176,295036103,1086503594692620000
0.0031168176,295036103,1086503729904390000
0.1623075835,165589181,1086503619225140000
0.0019358455,488117315,1086503630193290000
0.1169359666,1075552433412150000,1086503638896470000
0.0090370494,1027759311072640000,1086503674640200000
0.8731487919,1086064687249270000,1086503682622050000
0.0018018679,2844596912,1086504062181360000
0.0018018679,2844596912,1086503706676400000
0.0047253618,2294543128,1086503712363820000
0.0023079208,336240718,1086503735201680000
0.0024313662,763854983477330000,1086503737835700000
0.0024313662,763854983477330000,1086504048545590000
0.0036261935,3185757252,1086503740117410000
0.005778301,1324432464,1086503740989790000
0.0020139367,1680196496,1086503748363480000
0.0018018679,121602522,1086503775966280000
0.0021984409,37466313,1086503796463860000
0.0024313662,329450693,1086503804575530000
0.0029102973,793668897035592000,1086503806593060000
0.0101649883,15543658,1086503808925030000
0.0101649883,15543658,1086507884467210000
0.0129074374,971971860542898000,1086503813081650000
0.0016427961,68600324,1086503818332790000
0.0036261935,1450550654,1086503837609980000
0.0023079208,69410229,1086504857081600000
0.0023079208,69410229,1086511681012830000
0.0023079208,69410229,1086503846040430000
0.0018655052,3181159945,1086503853682500000
0.0023079208,120279354,1086503861534090000
0.0021009963,616477319,1086503865694990000
0.005778301,4925691778,1086503868782010000
0.0031168176,840928948867469000,1086503871139250000
0.0064312928,181765174,1086503981478810000
0.0064312928,181765174,1086503970594540000
0.0064312928,181765174,1086503885613780000
0.0064312928,181765174,1086503950960990000
0.002571044,1274726785,1086503890818720000
0.002571044,1274726785,1086504071303880000
0.002571044,1274726785,1086505545006120000
0.0145658524,3268954206,1086520314111060000
0.0145658524,3268954206,1086503898288870000
0.0016912294,993120979,1086503904286730000
0.0024313662,74933406,1086521621068870000
0.0024313662,74933406,1086520821756100000
0.0024313662,74933406,1086521481234920000
0.0024313662,74933406,1086520172935040000
0.0024313662,74933406,1086521407293580000
0.0024313662,74933406,1086521163495500000
0.0024313662,74933406,1086520488170590000
0.0024313662,74933406,1086520793562080000
0.0024313662,74933406,1086520741783330000
0.0024313662,74933406,1086521124836520000
0.0024313662,74933406,1086503933231670000
0.0024313662,74933406,1086521328612590000
0.0024313662,74933406,1086520916857770000
0.0024313662,74933406,1086520735991060000
0.0024313662,74933406,1086520723164880000
0.0024313662,74933406,1086520363540980000
0.0024313662,74933406,1086520330741520000
0.0024313662,74933406,1086521590173460000
0.0024313662,74933406,1086520860989640000
0.0024313662,74933406,1086511742946030000
0.0024313662,74933406,1086520657536530000
0.0024313662,74933406,1086521605893880000
0.0024313662,74933406,1086521108894020000
0.0024313662,74933406,1086521647354530000
0.0024313662,74933406,1086520908959890000
0.0024313662,74933406,1086520838365590000
0.0024313662,74933406,1086520526078730000
0.0024313662,74933406,1086520251293070000
0.0024313662,74933406,1086503919931540000
0.0029102973,17780444,1086503932455640000
0.0021009963,177964453,1086503962180760000
0.0027296302,19946704,1086503969088780000
0.0036261935,456110966,1086503969512390000
0.0071838464,999153301449917000,1086504380512200000
0.0071838464,999153301449917000,1086503980790780000
0.0021984409,17471781,1086504018019610000
0.0019358455,290079882,1086504021202950000
0.0080481113,25463973,1086504075259270000
0.0080481113,25463973,1086504577120250000
0.0304504448,98089272,1086504078354590000
0.002571044,175925406,1086504109249840000
0.0020139367,504981173,1086504123674080000
0.0052133097,2238259269,1086504138815360000
0.0024313662,915004174877807000,1086504142443490000
0.005778301,3102583616,1086504146331710000
0.1998825988,1085282615454720000,1086504148906850000
0.0017440334,182305074,1086504162630590000
0.0751931141,2661245452,1086504897766290000
0.0751931141,2661245452,1086504201021080000
0.0751931141,2661245452,1086504364154380000
0.0751931141,2661245452,1086504776093790000
0.0751931141,2661245452,1086504230943250000
0.0021009963,1013547494,1086504231018920000
0.0018655052,211406322,1086504244952420000
0.0018655052,359932933,1086504262115490000
0.0018018679,631523794,1086504265114240000
0.0043042405,867031660742680000,1086504387243990000
0.0043042405,867031660742680000,1086504311012480000
0.0043042405,867031660742680000,1086504449617490000
0.0047253618,27887211,1086504837770990000
0.0047253618,27887211,1086504325495440000
0.0238115685,875571888520483000,1086504366922720000
0.0238115685,875571888520483000,1086504446224400000
0.002571044,170812884,1086504377005660000
0.002571044,170812884,1086504939348620000
0.0020139367,848231948,1086504387109900000
0.0027296302,960566637706572000,1086504392176620000
0.0064312928,2914976441,1086504407494210000
0.0052133097,875376438,1086504418692880000
0.0024313662,526498228,1086504441820440000
0.0024313662,526498228,1086505259885880000
0.1998825988,3325216764,1086504452884860000
0.002571044,794517530450756000,1086504476926800000
0.0018655052,356055355,1086504511424950000
0.0023079208,952269990,1086504514088250000
0.0018018679,161773659,1086504759136260000
0.0018018679,161773659,1086504524280410000
0.0036261935,17232688,1086504524313840000
0.5856427244,66606538,1086504804937910000
0.5856427244,66606538,1086504524917800000
0.0031168176,999116163677290000,1086504530605460000
0.0031168176,999116163677290000,1086506356302060000
0.026940289,815334995409699000,1086504531117130000
0.0020139367,1541694889,1086504563320980000
0.0039406236,947272997387293000,1086504565443390000
0.0016912294,546382961,1086504570149310000
0.1623075835,838794388750942000,1086504576965070000
0.0031168176,230608846,1086504590378480000
0.0185992273,415905446,1086508770975470000
0.0185992273,415905446,1086506081638060000
0.0185992273,415905446,1086508981227610000
0.0185992273,415905446,1086505371085210000
0.0185992273,415905446,1086506799140930000
0.0185992273,415905446,1086507690132670000
0.0185992273,415905446,1086507817924790000
0.0185992273,415905446,1086507422624240000
0.0185992273,415905446,1086510177094940000
0.0185992273,415905446,1086510651403580000
0.0185992273,415905446,1086506563546810000
0.0185992273,415905446,1086505797910180000
0.0185992273,415905446,1086507029257250000
0.0185992273,415905446,1086509405414350000
0.0185992273,415905446,1086504618509720000
0.0185992273,415905446,1086504631168110000
0.0185992273,415905446,1.086507619941e+18
0.0185992273,415905446,1086507715684380000
0.0185992273,415905446,1086510145683820000
0.0185992273,415905446,1086509893023080000
0.0185992273,415905446,1086506702504120000
0.0185992273,415905446,1086507457915110000
0.0185992273,415905446,1086506155491410000
0.0185992273,415905446,1086507592514450000
0.0185992273,415905446,1086506929743110000
0.0185992273,415905446,1086505831422720000
0.0185992273,415905446,1086511150186070000
0.0185992273,415905446,1086509207703210000
0.0185992273,415905446,1086508068421200000
0.0185992273,415905446,1086508603199100000
0.0185992273,415905446,1086506387688040000
0.0185992273,415905446,1086510759486640000
0.0185992273,415905446,1086510424256850000
0.0185992273,415905446,1086506981798660000
0.0036261935,493615439,1086505593819530000
0.0036261935,493615439,1086504622959810000
0.011448498,18825080,1086504631532810000
0.0543046098,2786721901,1086504639787420000
0.0047253618,2637161966,1086504643662770000
0.0036261935,167951864,1086504645776810000
0.0018655052,418019963,1086504649442640000
0.0018655052,418019963,1086504752991600000
0.0031168176,771580457494335000,1086504655721400000
0.002571044,2328053635,1086504660616150000
0.003353677,41050893,1086504727511160000
0.0031168176,608789957,1086504729532740000
0.0185992273,17541220,1086504733181860000
0.0304504448,960890661460500000,1086504743776720000
0.0043042405,1603169630,1086504745584420000
0.0021984409,273760843,1086504747056680000
0.0021984409,273760843,1086505221046580000
0.0021984409,273760843,1086505038351090000
0.0021984409,273760843,1086505173575440000
0.5856427244,1086071629606640000,1086504758016270000
0.0020139367,87352520,1086504765452760000
0.0021984409,731253165413147000,1086504771564040000
0.296768766,867133822982386000,1086504777251480000
0.296768766,867133822982386000,1086505188670800000
0.048615291,135730743,1086504777792420000
0.026940289,793634795175543000,1086504789679040000
0.0071838464,449074684,1086505102737900000
0.0071838464,449074684,1086504791960970000
0.0071838464,449074684,1086505001210560000
0.0090370494,805989650741527000,1086504817781030000
0.0052133097,23633305,1086505374100980000
0.0052133097,23633305,1086504833564250000
0.1306559844,1067391954969810000,1086504846570570000
0.002571044,964428889,1086504846990210000
0.0021009963,729568230402990000,1086505033011810000
0.0021009963,729568230402990000,1086515173714770000
0.0021009963,729568230402990000,1086516090681940000
0.0021009963,729568230402990000,1086504889780530000
0.0021009963,729568230402990000,1086515400521800000
0.0021009963,729568230402990000,1086505691840460000
0.0018655052,44172652,1086504892716510000
0.0043042405,2840230811,1086504894255850000
0.0023079208,75146573,1086508910608110000
0.0023079208,75146573,1086508516234440000
0.0023079208,75146573,1086504949519970000
0.0029102973,2819834981,1086504957115850000
0.0029102973,2324932228,1086504973125540000
0.0029102973,2324932228,1086505171348350000
0.0020139367,813367460,1086504979379110000
0.0031168176,534783193,1086504979383210000
0.0039406236,3166009928,1086504980713010000
0.0047253618,1349349786,1086504991672670000
0.0838511473,185087241,1086505022056150000
0.0021009963,144412498,1086505030662780000
0.0129074374,974226564513595000,1086505043300280000
0.0024313662,516515836,1086505055975490000
0.0024313662,516515836,1086505165018960000
0.0021984409,3009037444,1086505066499100000
0.0052133097,3308711190,1086505111113920000
0.0029102973,201131595,1086505116407080000
0.0024313662,373066247,1086512729349780000
0.0024313662,373066247,1086514422254720000
0.0024313662,373066247,1086511836223040000
0.0024313662,373066247,1086505125051420000
0.0021984409,180781828,1086505143003050000
0.0021009963,14791418,1086505158295450000
0.0021009963,14791418,1086508695905720000
0.1457762029,257362069,1086505163018380000
0.0238115685,25026623,1086511392549680000
0.0238115685,25026623,1086506770045030000
0.0238115685,25026623,1086512582482160000
0.0238115685,25026623,1086505174154330000
0.0238115685,25026623,1086516470190880000
0.0238115685,25026623,1086509928037210000
0.0238115685,25026623,1086513825418010000
0.0238115685,25026623,1086514423689300000
0.0238115685,25026623,1086516857434180000
0.0101649883,464279857,1086505176221930000
0.0047253618,176828040,1086515204538730000
0.0047253618,176828040,1086518118632040000
0.0047253618,176828040,1086505187940940000
0.0027296302,157636386,1086505664338290000
0.0027296302,157636386,1086505190398670000
0.002571044,2183459150,1086505213702240000
0.005778301,32586252,1086505217376620000
0.0386770304,2354368831,1086505226419480000
0.0164523048,895311025116819000,1086505227929310000
0.0064312928,986070393374102000,1086505304836240000
0.0064312928,986070393374102000,1086505245948160000
0.0017440334,197938056,1086505246514470000
0.0101649883,1002055951342490000,1086506066588850000
0.0101649883,1002055951342490000,1086505262679110000
0.1998825988,992788456840495000,1086505262821850000
0.0023079208,724289012706349000,1086505272380670000
0.0674790608,1036928006772510000,1086505282383930000
0.0674790608,1036928006772510000,1086505779891340000
0.8731487919,1083148836082760000,1086505286591040000
0.048615291,1005987354744480000,1086505286133660000
0.048615291,1005987354744480000,1086506043549470000
0.531963409,815084496433267000,1086505322150130000
0.0238115685,2963381097,1086505337799270000
0.0238115685,2963381097,1086505656516010000
0.0021009963,196633446,1086505359743820000
0.0016912294,32402174,1086505381927570000
0.0018655052,46134061,1086505387757470000
0.0021009963,487959725,1086505394753720000
0.0090370494,48917644,1086505404056650000
0.0090370494,48917644,1086505441952220000
0.0039406236,191727406,1086507067534270000
0.0039406236,191727406,1086505410415100000
0.0039406236,191727406,1086505784328940000
0.0024313662,2658006573,1086506170599330000
0.0024313662,2658006573,1086506860918830000
0.0024313662,2658006573,1086507136014860000
0.0024313662,2658006573,1086506363256230000
0.0024313662,2658006573,1086505440068940000
0.0343584942,2546745751,1086505447127990000
0.0343584942,2546745751,1086509911985610000
0.0343584942,2546745751,1086509287441160000
0.0343584942,2546745751,1086509993401200000
0.0343584942,2546745751,1086510066193310000
0.0031168176,472830324,1086505483014300000
0.0029102973,886099761043956000,1086506098029360000
0.0029102973,886099761043956000,1086505495542680000
0.0020139367,58721033,1086524534277060000
0.0020139367,58721033,1086505497807660000
0.0185992273,1027019918796040000,1086505507211410000
0.0024313662,24138291,1086505514538690000
0.0080481113,933558259016970000,1086505517579690000
0.0080481113,933558259016970000,1086508621054300000
0.0080481113,933558259016970000,1086505708500280000
0.0080481113,933558259016970000,1086505594952040000
0.0080481113,933558259016970000,1086505806466560000
0.0036261935,2781705235,1086505537770910000
0.0071838464,891776308727951000,1086505553260630000
0.0145658524,2258109330,1086505560504240000
0.0021009963,349829376,1086506922264750000
0.0021009963,349829376,1086505594033530000
0.0021009963,349829376,1086506714038530000
0.0019358455,598561222,1086506816153020000
0.0019358455,598561222,1086505607664990000
0.0019358455,598561222,1086506263905820000
0.0023079208,37134575,1086505638740620000
0.0023079208,2549328696,1086505644197270000
0.0039406236,421077547,1086505655316480000
0.0071838464,3174409394,1086505672072720000
0.0024313662,241277470,1086505673322450000
0.0039406236,952578588,1086505843409870000
0.0039406236,952578588,1086505682847770000
0.0039406236,952578588,1086505798455290000
0.0027296302,44219657,1086505686601740000
0.0039406236,59799627,1086515420696180000
0.0039406236,59799627,1086513992464360000
0.0039406236,59799627,1086505708722380000
0.0039406236,59799627,1086518284977990000
0.0019358455,877541261472784000,1086505724375520000
0.0605591627,2566111081,1086506200995230000
0.0605591627,2566111081,1086505732713850000
0.005778301,780422458255876000,1086505741240780000
0.4158259512,1074873188486510000,1086505749268770000
0.0101649883,882729171256058000,1086505750233580000
0.0023079208,2890882034,1086505778738070000
0.0021009963,286415440,1086505780570920000
0.0023079208,132686646,1086505790351930000
0.0029102973,87827967,1086505818084860000
0.0018655052,33908458,1086505832424950000
0.0024313662,95642629,1086505877203530000
0.0023079208,2924981167,1086505890092650000
0.0018655052,286367472,1086505900507060000
0.0434208694,3362775399,1086505930265630000
0.0674790608,827864023,1086506079691960000
0.0674790608,827864023,1086506320407200000
0.0674790608,827864023,1086505950507360000
0.0021009963,395704114,1086505957297820000
0.0238115685,798288179170116000,1086505958606460000
0.0018655052,68499473,1086506046028360000
0.0036261935,17641534,1086506050516210000
0.0343584942,308826248,1086506673886260000
0.0343584942,308826248,1086506061027210000
0.0343584942,308826248,1086506606152440000
0.0343584942,308826248,1086506857579990000
0.0343584942,308826248,1086507308631220000
0.0052133097,758195312695517000,1086506257710830000
0.0052133097,758195312695517000,1086506079054430000
0.0052133097,758195312695517000,1086519077173160000
0.0052133097,758195312695517000,1086506245593460000
0.0027296302,720892796530373000,1086506709059660000
0.0027296302,720892796530373000,1086506082573240000
0.0027296302,720892796530373000,1086506399222330000
0.0101649883,1016805936114160000,1086506096850800000
0.0047253618,21806047,1086506101435100000
0.0020139367,557885550,1086506103620490000
0.0343584942,1065065480359220000,1086506105302330000
0.0021984409,70891800,1086507395268970000
0.0021984409,70891800,1086512743547570000
0.0021984409,70891800,1086508656038950000
0.0021984409,70891800,1086507272719810000
0.0021984409,70891800,1086506111207950000
0.0021984409,70891800,1086509065528860000
0.0021984409,540036533,1086506117591650000
0.005778301,961481970,1086506183018520000
0.005778301,961481970,1086506119944560000
0.005778301,961481970,1086506324332920000
0.0031168176,721264560,1086506124419820000
0.0029102973,3195615446,1086506127603300000
0.0238115685,1066892867128490000,1086506137497860000
0.0052133097,3696350432,1086506139842500000
0.002571044,40130264,1086506169890490000
0.0021009963,292185761,1086506179809890000
0.0039406236,14961677,1086506181630120000
0.003353677,769779529,1086506214605890000
0.003353677,769779529,1086506201997820000
0.003353677,769779529,1086506220398230000
0.003353677,769779529,1086506207035230000
0.003353677,769779529,1086506208415100000
0.003353677,769779529,1086506216262690000
0.003353677,769779529,1086506203642040000
0.003353677,769779529,1086506217499970000
0.003353677,769779529,1086506218942880000
0.003353677,769779529,1086506213125300000
0.0027296302,751282542926443000,1086509843962310000
0.0027296302,751282542926443000,1086510335366970000
0.0027296302,751282542926443000,1086506211397260000
0.0027296302,751282542926443000,1086508342951010000
0.0027296302,751282542926443000,1086518885036280000
0.0027296302,751282542926443000,1086507688442450000
0.0027296302,751282542926443000,1086508662707900000
0.0027296302,149372243,1086514926934520000
0.0027296302,149372243,1086506216883480000
0.0018018679,2570192100,1086506258385910000
0.0018018679,2570192100,1086506238400020000
0.0090370494,880957205796635000,1086506245710770000
0.0434208694,339042066,1086506282897470000
0.0018655052,29813870,1086506311502760000
0.0052133097,805855727994610000,1086510415478060000
0.0052133097,805855727994610000,1086506311934570000
0.0027296302,189688784,1086506324479770000
0.0031168176,168985820,1086506332977610000
0.0031168176,168985820,1086513004798190000
0.1623075835,1076933012397280000,1086506336555130000
0.1623075835,1076933012397280000,1086508523133890000
0.0018018679,427666839,1086506354280300000
0.0304504448,1052011712411510000,1086506355761050000
0.0064312928,757528542313783000,1086506382025580000
0.0043042405,1057719593375010000,1086506384127130000
0.0052133097,896807618655773000,1086506405379690000
0.0052133097,896807618655773000,1086506609411590000
0.0052133097,896807618655773000,1086506420911160000
0.0052133097,896807618655773000,1086506390548550000
0.0052133097,896807618655773000,1086506449369480000
0.0036261935,2945476444,1086506398689740000
0.0164523048,975189025433600000,1086506670178460000
0.0164523048,975189025433600000,1086506415718460000
0.0164523048,975189025433600000,1086506882477350000
0.0164523048,975189025433600000,1086514465418270000
0.0838511473,776605541481066000,1086506434572050000
0.6114643136,1072406138149400000,1086513142811840000
0.6114643136,1072406138149400000,1086507074610170000
0.6114643136,1072406138149400000,1086508009839310000
0.6114643136,1072406138149400000,1086513477546580000
0.6114643136,1072406138149400000,1086508151220990000
0.6114643136,1072406138149400000,1086506455052750000
0.6114643136,1072406138149400000,1086513305945020000
0.6114643136,1072406138149400000,1086513018614310000
0.003353677,21022596,1086506456965210000
0.0031168176,31423175,1086506458496140000
0.0031168176,31423175,1086506969744060000
0.0020139367,38655045,1086506781260470000
0.0020139367,38655045,1086525264111100000
0.0020139367,38655045,1086506460257760000
0.0080481113,363529754,1086506462078220000
0.0017440334,724942416,1086506471045530000
0.011448498,921575819348185000,1086506477324510000
0.0145658524,4662085457,1086506483972490000
0.0017440334,166386795,1086506488007400000
0.0017440334,166386795,1086508343332620000
0.0021009963,1167535472,1086506502716670000
0.3551543111,3431919460,1086506516167850000
0.0101649883,1018371737681990000,1086508735554410000
0.0101649883,1018371737681990000,1086510248532210000
0.0101649883,1018371737681990000,1086506717955810000
0.0101649883,1018371737681990000,1086509781525780000
0.0101649883,1018371737681990000,1086508690750890000
0.0101649883,1018371737681990000,1086506771978510000
0.0101649883,1018371737681990000,1086509828514620000
0.0101649883,1018371737681990000,1086510952827120000
0.0101649883,1018371737681990000,1086510843523590000
0.0101649883,1018371737681990000,1086508622429910000
0.0101649883,1018371737681990000,1086506519305150000
0.0101649883,1018371737681990000,1086508152244170000
0.0101649883,1018371737681990000,1086506596161610000
0.0101649883,1018371737681990000,1086508127225210000
0.0674790608,58715957,1086506537151960000
0.0019358455,2788400591,1086506546794770000
0.0023079208,1476528265,1086506548988240000
0.1998825988,863760166344413000,1086506557716730000
0.0605591627,11491042,1086506587651480000
0.0018018679,873643696134255000,1086506601094300000
0.0039406236,3152274666,1086506617993090000
0.0019358455,527014649,1086506623227580000
0.0029102973,2234187923,1086506626494930000
0.3551543111,1086116415281580000,1086506627199430000
0.0101649883,994721490196091000,1086506636674360000
0.0023079208,885722734788977000,1.086506667427e+18
0.0018655052,282838208,1086506669532570000
0.002571044,798721621875949000,1086506673903190000
0.0021984409,444679412,1086506707562390000
0.0036261935,1025790586509380000,1086506708522790000
0.0020139367,292100873,1086506715229680000
0.0036261935,891481315446464000,1086506737094410000
0.0090370494,22711323,1086506743620760000
0.0019358455,325747624,1086506752739330000
0.0023079208,1632552487,1086506774641950000
0.0838511473,1080902174350160000,1086506781101210000
0.0031168176,557262250,1086506784955590000
0.0017440334,482529818,1086506794900440000
0.0020139367,711795878,1086506815959910000
0.0023079208,87179211,1086506817629210000
0.0052133097,1030570196405300000,1086515844023310000
0.0052133097,1030570196405300000,1086506833441890000
0.0052133097,3100544563,1086506855327780000
0.5591583735,919064556168720000,1086506856938440000
0.0021984409,249051539,1086506898264740000
0.0017440334,2226792078,1086506919106240000
0.0029102973,701976433288094000,1086506934587540000
0.3551543111,1010718698523410000,1086506948894150000
0.0024313662,173986327,1086506965650460000
0.0024313662,173986327,1086506978497590000
0.0021009963,486488829,1086507485173690000
0.0021009963,486488829,1086507342647120000
0.0021009963,486488829,1086506970444490000
0.0021009963,486488829,1086507447542460000
0.0024313662,2275288568,1086506970914250000
0.005778301,995412032752046000,1086506971832890000
0.0018018679,111727408,1086506972994690000
0.0023079208,131875621,1086506978233340000
0.0017440334,1190408216,1086506985825230000
0.0838511473,1070101491241900000,1086507001612510000
0.0024313662,3615567013,1086507007102730000
0.0020139367,1523006281,1086507027721940000
0.0029102973,343064328,1086507029886310000
0.0210410941,920784648497644000,1086507065051410000
0.0080481113,1116772945,1086507092502970000
0.7086116866,34874852,1086507112774090000
0.0023079208,555002154,1086507139886210000
0.0064312928,2992942963,1086507147410590000
0.0021009963,467129278,1086507444677700000
0.0021009963,467129278,1086507193963180000
0.0838511473,1034872159104120000,1086507210480510000
0.0605591627,887646239629517000,1086507215198990000
0.0018655052,56534919,1086507274242350000
0.0019358455,832984341944820000,1086507279363370000
0.0036261935,22786739,1086507280655360000
0.0064312928,4161140125,1086509463799060000
0.0064312928,4161140125,1086509347159580000
0.0064312928,4161140125,1086509413819740000
0.0064312928,4161140125,1086510640255190000
0.0064312928,4161140125,1086507308035820000
0.0064312928,3010645421,1086507311080920000
0.0090370494,257233627,1086507338767290000
0.0080481113,1011735377164620000,1086507345318940000
0.0019358455,29367156,1086507357918720000
0.005778301,892021387493114000,1086507371076100000
0.005778301,892021387493114000,1086509244587730000
0.005778301,892021387493114000,1086507810848800000
0.0210410941,1554742267,1086507380479640000
0.0023079208,29043227,1086508754676270000
0.0023079208,29043227,1086510426437840000
0.0023079208,29043227,1086508192069110000
0.0023079208,29043227,1086509828309080000
0.0023079208,29043227,1086507381092110000
0.0434208694,794142993452323000,1086511338736800000
0.0434208694,794142993452323000,1086507382677610000
0.0064312928,875609379151553000,1086507399685390000
0.026940289,152019427,1086507432988340000
0.0021009963,1338038125,1086513559255860000
0.0021009963,1338038125,1086515343554690000
0.0021009963,1338038125,1086507434343100000
0.0021009963,1338038125,1086517222317670000
0.0101649883,1056229467717160000,1086507446963560000
0.0185992273,989043328875409000,1086509679042270000
0.0185992273,989043328875409000,1086507448184330000
0.0019358455,343744088,1086507456388360000
0.0043042405,768128098013422000,1086507792905710000
0.0043042405,768128098013422000,1086507457386560000
0.0043042405,768128098013422000,1086510615626200000
0.002571044,60008675,1086507461551370000
0.0020139367,160782866,1086507467700420000
0.7530520645,851644279973925000,1086509725976540000
0.7530520645,851644279973925000,1086509841143820000
0.7530520645,851644279973925000,1086509803265020000
0.7530520645,851644279973925000,1086509708184310000
0.7530520645,851644279973925000,1086513488338530000
0.7530520645,851644279973925000,1086509748860700000
0.7530520645,851644279973925000,1086510046765350000
0.7530520645,851644279973925000,1086508189821090000
0.7530520645,851644279973925000,1086507470778960000
0.7530520645,851644279973925000,1086513716114400000
0.7530520645,851644279973925000,1086507761926640000
0.0064312928,3275152886,1086507474243520000
0.0039406236,1410796626,1086507482363520000
0.0024313662,96511889,1086508058828710000
0.0024313662,96511889,1086507627847110000
0.0024313662,96511889,1086507489665870000
0.0021984409,3171570224,1086507842150980000
0.0021984409,3171570224,1086507491033210000
0.0021984409,3171570224,1086508127623610000
0.0021009963,84560758,1086507497479910000
0.0605591627,718227314132328000,1086507665730220000
0.0605591627,718227314132328000,1086507502072670000
0.0036261935,303562020,1086507504173900000
0.0027296302,581265495,1086507511904010000
0.0020139367,325311323,1086507513313300000
0.0020139367,223480966,1086507517096670000
0.0021984409,45270491,1086507530333780000
0.0036261935,2368536492,1086507534586770000
0.0071838464,1015623057338030000,1086507534649720000
0.0071838464,1015623057338030000,1086507665151350000
0.0071838464,1015623057338030000,1086507546754440000
0.0071838464,1015623057338030000,1086507691671880000
0.0020139367,635625694,1086507538542220000
0.0019358455,1609347877,1086507541025180000
0.0129074374,825557960113938000,1086507544338670000
0.0039406236,815635604855734000,1086507563351500000
0.002571044,1663879112,1086507569412230000
0.026940289,80143614,1086507565372960000
0.0019358455,341316941,1086507587833660000
0.0064312928,176138826,1086507592979960000
0.0052133097,836333546801279000,1086507610994400000
0.026940289,1050709436426120000,1086507626211360000
0.026940289,1050709436426120000,1086510942534260000
0.026940289,1050709436426120000,1086508959916150000
0.6612635706,3430357269,1086507631722800000
0.0080481113,816565537,1086507636449640000
0.0031168176,829809141585633000,1086507660617310000
0.0838511473,1032848865744090000,1086507674408240000
0.0129074374,281705831,1086507941308610000
0.0129074374,281705831,1086507696352840000
0.0047253618,4067786717,1086507702279460000
0.0090370494,100632636,1086507728590330000
0.0129074374,2366036475,1086507729257150000
0.0304504448,1029310223003970000,1086507744671070000
0.0304504448,1029310223003970000,1086507881615160000
0.026940289,1059308632549020000,1086507745875060000
0.026940289,998772041808523000,1086507747439510000
0.0031168176,45478289,1086507756742460000
0.0043042405,798657476707189000,1086508167511590000
0.0043042405,798657476707189000,1086507758558610000
0.0024313662,749538832987464000,1086507781912480000
0.0024313662,749538832987464000,1086508034187300000
0.0343584942,851286953483948000,1086521450826250000
0.0343584942,851286953483948000,1086507800627470000
0.002571044,38802814,1086512275287090000
0.002571044,38802814,1086509139528830000
0.002571044,38802814,1086507806209990000
0.005778301,1001241005876700000,1086507832378180000
0.0090370494,4658161334,1086507839034540000
0.0021984409,333967675,1086507849197340000
0.0064312928,2910794138,1086507853920100000
0.0047253618,1054319967326270000,1086507854985490000
0.0020139367,586047630,1086507855853830000
0.0020139367,586047630,1086513106933690000
0.0020139367,586047630,1086513122368780000
0.0020139367,586047630,1086511150223770000
0.0020139367,586047630,1086511167185570000
0.005778301,88123293,1086507875348830000
0.0018655052,80310557,1086507876414300000
0.1046034793,923218302545121000,1086507884475810000
0.0019358455,590414755,1086507893212500000
0.3551543111,1438458942,1086517197319660000
0.3551543111,1438458942,1086507917216530000
0.3551543111,1438458942,1086512445739420000
0.0751931141,3227527736,1086507923679790000
0.2212161603,1086180269311300000,1086507928155240000
0.0020139367,2529311788,1086507940633300000
0.0017440334,1072852609,1086508067070470000
0.0017440334,1072852609,1086507957913770000
0.0039406236,715004813101040000,1086507958610120000
0.003353677,2252928169,1086507984862110000
0.0031168176,31154150,1086513352409520000
0.0031168176,31154150,1086508005334620000
0.0031168176,31154150,1086511738110030000
0.0031168176,31154150,1086509112286950000
0.0031168176,31154150,1086509176912780000
0.0031168176,31154150,1086509480509130000
0.0031168176,31154150,1086509089457400000
0.0031168176,31154150,1086513482311370000
0.0031168176,31154150,1086509157136630000
0.0031168176,31154150,1086513388715420000
0.0031168176,31154150,1086508770291870000
0.0031168176,31154150,1086514112572650000
0.0031168176,31154150,1086508217981700000
0.0031168176,31154150,1086509288456160000
0.0031168176,31154150,1086509391388560000
0.0145658524,761271638910534000,1086508011043130000
0.002571044,526282738,1086508051765420000
0.002571044,526282738,1086508014113240000
0.0020139367,755522716690547000,1086508020442400000
0.0021984409,235673912,1086508025488310000
0.0043042405,747186855959921000,1086508039409190000
0.011448498,1070856039757690000,1086508043897060000
0.0021984409,1399655066,1086508047558730000
0.0080481113,828344950521684000,1086508050532380000
0.0036261935,71005726,1086508063073420000
0.6852592634,726003683851309000,1086508076910310000
0.6852592634,726003683851309000,1086508908238200000
0.6852592634,726003683851309000,1086508726448680000
0.6366637043,1086138612331310000,1086508090189600000
0.0164523048,1063763469218980000,1086508110137650000
0.0020139367,140281244,1086508123412750000
0.0047253618,4750077938,1086508124477910000
0.002571044,46853324,1086508134758270000
0.002571044,46853324,1086518267701810000
0.002571044,590315280,1086508141221600000
0.002571044,590315280,1086508312776960000
0.0020139367,324731213,1086508145315410000
0.0020139367,324731213,1086508181516440000
0.0019358455,2305227144,1086508561469970000
0.0019358455,2305227144,1086508176185400000
0.0021009963,339216982,1086508183143810000
0.0027296302,724321048188060000,1086508195542170000
0.0101649883,997078546102108000,1086508198742250000
0.0029102973,27387249,1086508206174560000
0.1998825988,153219215,1086508224428340000
0.1998825988,153219215,1086513335225500000
0.1998825988,153219215,1086510689043310000
0.1998825988,153219215,1086508658807200000
0.1998825988,153219215,1086512942789610000
0.0674790608,786611978,1086508243977930000
0.0129074374,1514938160,1086508270477630000
0.0129074374,1514938160,1086508300391330000
0.0021009963,217184443,1086508300366160000
0.0024313662,207151632,1086508317818510000
0.1998825988,1061644092872910000,1086508330892180000
0.0020139367,831393247,1086508336294460000
0.0021009963,24066293,1086508354975990000
0.0029102973,900852197541466000,1086508384730430000
0.002571044,244998216,1086508394264050000
0.7312451284,1059199162183510000,1086508403881580000
0.7312451284,1059199162183510000,1086508633540780000
0.0021009963,2723915910,1086508405345310000
0.0021984409,1953911,1086508424882460000
0.0023079208,252199533,1086509983972380000
0.0023079208,252199533,1086509358534550000
0.0023079208,252199533,1086511498522960000
0.0023079208,252199533,1086509166431260000
0.0023079208,252199533,1086508429814960000
0.5591583735,1074333271,1086520390489440000
0.5591583735,1074333271,1086508437901640000
0.0064312928,3242595043,1086508440258840000
0.0164523048,4181229013,1086508440741010000
0.0021984409,1104010466,1086510872011420000
0.0021984409,1104010466,1086510546306900000
0.0021984409,1104010466,1086511509755360000
0.0021984409,1104010466,1086511393929610000
0.0021984409,1104010466,1086511875406400000
0.0021984409,1104010466,1086508469098830000
0.0021984409,1104010466,1086508456083970000
0.0021984409,1104010466,1086511535445460000
0.0021984409,1104010466,1086510245415930000
0.0024313662,95764666,1086508460064330000
0.0751931141,752903968771019000,1086508466372400000
0.0751931141,752903968771019000,1086512179933660000
0.011448498,2929099921,1086508487545280000
0.2696832268,1085724152223300000,1086516522686640000
0.2696832268,1085724152223300000,1086508487721410000
0.2696832268,1085724152223300000,1086515368225470000
0.2696832268,1085724152223300000,1086515583397510000
0.0021984409,2995752032,1086508490552620000
0.0027296302,867253813719315000,1086508510597210000
0.0090370494,777384626507555000,1086508516024750000
0.0024313662,3115245672,1086508774297360000
0.0024313662,3115245672,1086508546336980000
0.0024313662,3115245672,1086509017290010000
0.0024313662,3115245672,1086508804483700000
0.0024313662,3115245672,1086508789912690000
0.0031168176,420200182,1086508559628530000
0.005778301,904067774464623000,1086508573759280000
0.0023079208,233115879,1086509666455060000
0.0023079208,233115879,1086509784826660000
0.0023079208,233115879,1086508593262750000
0.0023079208,294219105,1086509065445020000
0.0023079208,294219105,1086509095438280000
0.0023079208,294219105,1086508697340110000
0.0023079208,294219105,1086508631607060000
0.0023079208,294219105,1086508744211520000
0.0023079208,294219105,1086508672648270000
0.0020139367,52647479,1086508648619280000
0.003353677,249432807,1086508668441500000
0.011448498,2932694647,1086508694106340000
0.0047253618,768636878,1086508708371270000
0.0185992273,1947770371,1086508710019680000
0.0020139367,614666711,1086508712766900000
0.0023079208,128484300,1086508723386900000
0.0023079208,128484300,1086514668426940000
0.0016912294,341288877,1086508728096940000
0.0039406236,2520904620,1086508744169660000
0.0304504448,491100230,1086509308525850000
0.0304504448,491100230,1086508912252200000
0.0304504448,491100230,1086508794178360000
0.0024313662,562511731,1086508812607970000
0.7936717512,727820331113587000,1086508813790850000
0.0018655052,310243984,1086508815351230000
0.0018655052,310243984,1086510045192470000
0.0018655052,310243984,1086509850048240000
0.0018655052,310243984,1086510481882470000
0.0018655052,310243984,1086511966565340000
0.0018655052,310243984,1086510219428090000
0.0018655052,310243984,1086509282034630000
0.0018655052,310243984,1086509073468700000
0.0024313662,712725013,1086508853624170000
0.003353677,63162202,1086524713076050000
0.003353677,63162202,1086522693136990000
0.003353677,63162202,1086509880503020000
0.003353677,63162202,1086512376940190000
0.003353677,63162202,1086520814789320000
0.003353677,63162202,1086522853820850000
0.003353677,63162202,1086511358479220000
0.003353677,63162202,1086509371993940000
0.003353677,63162202,1086524012727950000
0.003353677,63162202,1086520465164710000
0.003353677,63162202,1086522221877550000
0.003353677,63162202,1086522477155470000
0.003353677,63162202,1086524124472570000
0.003353677,63162202,1086520374416700000
0.003353677,63162202,1086522800599330000
0.003353677,63162202,1086521666648200000
0.003353677,63162202,1086521834512630000
0.003353677,63162202,1086512619618350000
0.003353677,63162202,1086508889409960000
0.003353677,63162202,1086524404958360000
0.003353677,63162202,1086511538775550000
0.003353677,63162202,1086522065186750000
0.003353677,63162202,1086512768256160000
0.003353677,63162202,1086524603101400000
0.0021009963,3001679550,1086508892761350000
0.1803031003,973499335676592000,1086508898243070000
0.0023079208,718681087229108000,1086508918870750000
0.0386770304,1049795948422060000,1086508955432570000
0.0386770304,1049795948422060000,1086509499014310000
0.0090370494,887463295015203000,1.086508966451e+18
0.0016427961,1323510866,1086508970989240000
0.0024313662,480851667,1086508973837250000
0.1046034793,2152404619,1086509173259490000
0.1046034793,2152404619,1086508981361600000
0.0023079208,36163584,1086508987846020000
0.0023079208,862907959,1086508988101990000
0.0021009963,147310946,1086509015402800000
0.0021009963,147310946,1086509314116850000
0.0021009963,856573426823086000,1086510100687200000
0.0021009963,856573426823086000,1086509440725960000
0.0021009963,856573426823086000,1086509040031530000
0.0036261935,2412424069,1086509054019690000
0.0020139367,2161911186,1086509057563860000
0.0024313662,187565927,1086509064333530000
0.6366637043,1084864997698630000,1086509067659430000
0.6366637043,1084864997698630000,1086509318294330000
0.6366637043,1084864997698630000,1086510946527240000
0.0071838464,998767017128808000,1086509069391840000
0.0024313662,92666392,1086511453299890000
0.0024313662,92666392,1086509070134080000
0.0016912294,131894413,1086509079747530000
0.0024313662,277258289,1086509085007200000
0.0936084193,35151317,1086509084956740000
0.0018655052,1274935123,1086509101536990000
0.0018655052,1274935123,1086509304826470000
0.0071838464,1017082249618120000,1086509103508270000
0.0031168176,1016744502906810000,1086509152019670000
0.0304504448,1029979244917680000,1086509192238820000
0.0343584942,1047691344452440000,1086509225134750000
0.0343584942,1047691344452440000,1086512884530760000
0.0018655052,1659389659,1086509227869270000
0.0036261935,795791983398617000,1086509233292570000
0.0751931141,702772398614037000,1086509233951010000
0.0751931141,702772398614037000,1086509880108740000
0.0018018679,276271751,1086509238250300000
0.0023079208,146579579,1086509242603830000
0.0838511473,1068683081845040000,1086509259167330000
0.0052133097,1203200118,1086509302532140000
0.0020139367,1252680733,1086509310086010000
0.0029102973,2544908418,1086509314968290000
0.005778301,4889016528,1086509331456180000
0.0238115685,65210421,1086509336963150000
0.0238115685,65210421,1086509956759660000
0.0238115685,65210421,1086510158589570000
0.0039406236,38161536,1086509364179920000
0.0210410941,1035661196,1086509659924510000
0.0210410941,1035661196,1086509374577620000
0.002571044,779669232,1086509390906020000
0.0164523048,2208477727,1086509395070970000
0.0039406236,1037004882,1086509459810200000
0.1457762029,1045000468919980000,1086509490936180000
0.0071838464,1009555917615060000,1086509493335320000
0.0029102973,753058278238597000,1086509496762070000
0.0029102973,753058278238597000,1086509674659230000
0.0017440334,114345232,1086509501384180000
0.0036261935,386398967,1086509513895670000
0.0016427961,1615719132,1086509559223470000
0.0047253618,1016698530914640000,1086509577313480000
0.0039406236,92754420,1086509586931170000
0.0016912294,314259970,1086509606925410000
0.0027296302,118500492,1086509635987800000
0.0039406236,1001903719942780000,1086509724952980000
0.0039406236,1001903719942780000,1086510009079370000
0.0039406236,1001903719942780000,1086510264126560000
0.0039406236,1001903719942780000,1086509642144860000
0.0017440334,2175855578,1086509664508890000
0.0021984409,864417181,1086509908906760000
0.0021984409,864417181,1086509679818110000
0.0021984409,626917234,1086509680589970000
0.003353677,531666080,1086510249522140000
0.003353677,531666080,1086509705952940000
0.0024313662,242356461,1086509754556520000
0.0024313662,235345956,1086509762315840000
0.0039406236,37615870,1086509779063690000
0.0036261935,42121556,1086509779151870000
0.0185992273,810979218888729000,1086509783790670000
0.0047253618,388471175,1086509789813900000
0.0029102973,391418553,1086509808629550000
0.0017440334,1463115332,1086509810374200000
0.0017440334,1463115332,1086510675810080000
0.0017440334,1463115332,1086512450780810000
0.0017440334,1463115332,1086510518095900000
0.0019358455,80375754,1086509812827840000
0.0019358455,80375754,1086515301032770000
0.0017440334,201854348,1.08650984007e+18
0.2212161603,864586925977489000,1086509877327930000
0.0036261935,4737865642,1086509923775570000
0.0020139367,61411466,1086509931384030000
0.0023079208,3453900439,1086509965437740000
0.0101649883,852990532406043000,1086510028150850000
0.0080481113,3058003577,1086510028759230000
0.0052133097,771562941669704000,1086510467667970000
0.0052133097,771562941669704000,1086510041660870000
0.0024313662,305909587,1086510084212090000
0.1998825988,3926417657,1086510100364320000
0.0016427961,781215302,1086510137626580000
0.0021009963,280050373,1086510152725890000
0.1803031003,491100453,1086510167783490000
0.1803031003,491100453,1.086510484856e+18
0.0090370494,2649851149,1086510168840560000
0.0238115685,234249371,1086510179082890000
0.0238115685,234249371,1086510566548470000
0.0016912294,2988587633,1086510196367620000
0.0434208694,129105580,1086512970602090000
0.0434208694,129105580,1086518878979740000
0.0434208694,129105580,1086510200914440000
0.0434208694,129105580,1086514892771750000
0.0434208694,129105580,1086513939926710000
0.0021009963,377781581,1086510204038990000
0.0047253618,840385299217801000,1086510211681190000
0.0029102973,2149739286,1086510223135650000
0.0020139367,583364750,1086511376481190000
0.0020139367,583364750,1086510283768520000
0.4753013894,1059324673182390000,1086510295076490000
0.0018018679,610474312,1086510333290660000
0.0018655052,441694342,1086510361480550000
0.003353677,1009833838418240000,1086510370792060000
0.0052133097,853398718170767000,1086510912620640000
0.0052133097,853398718170767000,1086510384645840000
0.0052133097,853398718170767000,1086516335654440000
0.0016427961,274305280,1086510409513730000
0.0017440334,4028883372,1086510429134710000
0.005778301,975571376085066000,1086510458893410000
0.0129074374,953027993814884000,1086510465960820000
0.1306559844,1002612294294100000,1.086510474211e+18
0.0024313662,1852757618,1086510474261340000
0.0021009963,588922967,1086510486374430000
0.1046034793,2660500316,1086510486659700000
0.0047253618,3037962845,1086510507996180000
0.9137095311,1084038345032980000,1086510522189730000
0.0019358455,309838637,1086510528497880000
0.0145658524,976692064057311000,1086512041592910000
0.0145658524,976692064057311000,1086511023446590000
0.0145658524,976692064057311000,1086510962755040000
0.0145658524,976692064057311000,1086510530116800000
0.0185992273,948053922786267000,1086510544260080000
0.1623075835,171857820,1086510547317580000
0.0018018679,99065116,1086510549788070000
0.0016427961,1681399297,1086510549884650000
0.0751931141,3066891512,1086510552698870000
0.0021009963,29704978,1086510558692730000
0.0019358455,152863299,1086510561230310000
0.0210410941,1687118276,1086510981671540000
0.0210410941,1687118276,1086510569363050000
0.0021009963,852014929,1086510573590860000
0.0543046098,2964086791,1086510576879080000
0.0543046098,2964086791,1086518983807780000
0.0543046098,2964086791,1086512780360880000
0.002571044,30034625,1086510588648480000
0.002571044,30034625,1086511203084630000
0.002571044,30034625,1086511871325360000
0.0543046098,898858880356106000,1086510608286080000
0.0021009963,100709103,1086510613638120000
0.0019358455,2220587052,1086511974911950000
0.0019358455,2220587052,1086510623838490000
0.0019358455,2220587052,1086511939843370000
0.0019358455,2220587052,1086510664170890000
0.0019358455,2220587052,1086511954192000000
0.1623075835,849480206985421000,1086510673268540000
0.0071838464,277798543,1086510730210270000
0.6114643136,826751814435557000,1086511877046310000
0.6114643136,826751814435557000,1086510756730790000
0.1046034793,1083032543438480000,1086510761340470000
0.0674790608,1030104881883820000,1086510767917040000
0.0043042405,42632503,1086510804294400000
0.0043042405,840968607463014000,1086510806035060000
0.0064312928,2240579292,1086510815237160000
0.0029102973,2222486143,1086513810842600000
0.0029102973,2222486143,1086511360488290000
0.0029102973,2222486143,1086510828566640000
0.0029102973,2222486143,1086511726437130000
0.0029102973,2222486143,1086510856169410000
0.0029102973,2222486143,1086513304246250000
0.0029102973,2222486143,1086512262574010000
0.0029102973,2222486143,1086514283028990000
0.0029102973,2222486143,1086511145458970000
0.0029102973,2222486143,1086513509611950000
0.0029102973,2222486143,1086511417337860000
0.0029102973,2222486143,1086511069231610000
0.0101649883,786018457296835000,1086510858853800000
0.0024313662,221381261,1086510859164310000
0.0023079208,93072988,1086510868806940000
0.0129074374,1018480189356040000,1086510876469990000
0.002571044,806851345084977000,1086510894723590000
0.0210410941,840312636298395000,1086515115137090000
0.0210410941,840312636298395000,1086510915103700000
0.0210410941,840312636298395000,1086516311335800000
0.0023079208,3045188173,1086510919536930000
0.002571044,149633817,1086510928328250000
0.0031168176,15518255,1086510932258280000
0.002571044,139678226,1086510949362740000
0.003353677,1569348175,1086510962188840000
0.0017440334,1378509986,1086510968970990000
0.0080481113,1135800810,1086510979654080000
0.0080481113,1135800810,1086511669994580000
0.0080481113,1135800810,1086511051674440000
0.0018655052,219989946,1086513810620310000
0.0018655052,219989946,1086510986691920000
0.0019358455,1171264321,1086511168577990000
0.0019358455,1171264321,1086511000784820000
0.0023079208,2287035666,1086511029415230000
0.0023079208,2287035666,1086512378102120000
0.0023079208,2287035666,1086511002479410000
0.1169359666,1403134195,1086511008938480000
0.011448498,1085372378517920000,1086513223510030000
0.011448498,1085372378517920000,1086511009722920000
0.026940289,23680386,1086511028035220000
0.0024313662,298878558,1086511044124520000
0.0304504448,2610908708,1086511774780870000
0.0304504448,2610908708,1086511049346610000
0.0031168176,170160243,1086511049660980000
0.0018655052,384496297,1086511766354370000
0.0018655052,384496297,1086511743713460000
0.0018655052,384496297,1086511060834640000
0.0036261935,808333374,1086511089058230000
0.0021984409,375993999,1086511091998440000
0.005778301,4083731302,1086511099032160000
0.005778301,4083731302,1086511421641240000
0.0027296302,933009193031811000,1086511098981800000
0.0052133097,259169285,1086511108179910000
0.0101649883,777308912588509000,1086511124634230000
0.0019358455,2167451628,1086511128300130000
0.0129074374,736249986,1086511322139830000
0.0129074374,736249986,1086511131466780000
0.2696832268,756195569891209000,1086511152702600000
0.2696832268,756195569891209000,1086511858838890000
0.0020139367,789202098030121000,1086511171556070000
0.0021009963,4124510354,1086511176844860000
0.0029102973,2547642094,1086511197984300000
0.0018655052,1568544180,1086511359947430000
0.0018655052,1568544180,1086511199892770000
0.0024313662,1626635593,1086511214690160000
0.0047253618,4847696777,1086511228451740000
0.0018018679,327501722,1086511252237710000
0.0018018679,327501722,1086511656455280000
0.0543046098,456426731,1086511449663360000
0.0543046098,456426731,1086512331989800000
0.0543046098,456426731,1086513569326200000
0.0543046098,456426731,1086511430382150000
0.0543046098,456426731,1086511261670560000
0.0018655052,84641115,1086511275222410000
0.0031168176,3134249686,1086511284034680000
0.0017440334,1403523336,1086511328896920000
0.0080481113,1870148192,1.086511341505e+18
0.011448498,3079199798,1086511344684130000
0.0027296302,710691888068698000,1086511910101680000
0.0027296302,710691888068698000,1086511539409050000
0.0027296302,710691888068698000,1086511842757920000
0.0027296302,710691888068698000,1086511345862930000
0.0047253618,913645617758429000,1086511412480860000
0.0023079208,4638128234,1086511424208130000
0.0023079208,4638128234,1086516631772190000
0.0023079208,489663408,1086511438968050000
0.0021009963,2900273687,1086511440196980000
0.7936717512,1069490312735800000,1086512077508880000
0.7936717512,1069490312735800000,1086511461218860000
0.7936717512,1069490312735800000,1086513320847390000
0.7936717512,1069490312735800000,1086514766611440000
0.0145658524,1008464259636970000,1086511467971730000
0.0145658524,1008464259636970000,1086512766721180000
0.0027296302,576715966,1086511482949360000
0.4158259512,849614754608030000,1086511542814870000
0.0029102973,724374903080669000,1086511563589050000
0.0304504448,2830945035,1086511569494830000
0.1998825988,350129163,1086513232230140000
0.1998825988,350129163,1086512328475060000
0.1998825988,350129163,1086513697923700000
0.1998825988,350129163,1086513007327410000
0.1998825988,350129163,1086513750394450000
0.1998825988,350129163,1086513153150720000
0.1998825988,350129163,1086512419285990000
0.1998825988,350129163,1086511786273270000
0.1998825988,350129163,1086512513431340000
0.1998825988,350129163,1086512456082560000
0.1998825988,350129163,1086513100629660000
0.1998825988,350129163,1086512280634910000
0.1998825988,350129163,1086513731884980000
0.1998825988,350129163,1086512385521840000
0.1998825988,350129163,1086511579418500000
0.1998825988,350129163,1086513173153370000
0.1998825988,350129163,1086512988536880000
0.0021984409,719250272,1086511581872170000
0.0024313662,19074364,1086511580676710000
0.0018018679,109577408,1086511611278430000
0.0185992273,2254487814,1086511637887090000
0.0029102973,74409409,1086511641368380000
0.0018018679,1965323148,1086511657910700000
0.0024313662,392907522,1086511900341400000
0.0024313662,392907522,1086511662557850000
0.0018655052,64943851,1086511664772580000
0.0019358455,92543996,1086511669705100000
0.0019358455,92543996,1086511939746970000
0.0021009963,233965284,1086511676478970000
0.0838511473,1004045011074330000,1086511717868360000
0.0023079208,469540511,1086511724264610000
0.0023079208,469540511,1086512249445980000
0.0021009963,2762454039,1086515174587200000
0.0021009963,2762454039,1086512164087710000
0.0021009963,2762454039,1086512068734400000
0.0021009963,2762454039,1086511894637270000
0.0021009963,2762454039,1086511732972050000
0.0101649883,27216266,1086511745194170000
0.0021984409,100075113,1086511760360790000
0.0021984409,100075113,1086516831408610000
0.0039406236,3613736729,1086511768791330000
0.0185992273,834174761919996000,1086511792069770000
0.0021009963,210663330,1086511811321610000
0.0185992273,1053457760426310000,1086511812235930000
0.0185992273,1053457760426310000,1086511904393170000
0.0036261935,65060612,1086511818376390000
0.0036261935,65060612,1086512466807410000
0.0036261935,65060612,1086512259076100000
0.0036261935,65060612,1086512568397690000
0.0036261935,65060612,1086512395839860000
0.0031168176,1004278224,1086511820674790000
0.011448498,830939480,1086511829571070000
0.011448498,830939480,1086512189492600000
0.0064312928,98416286,1086512018503490000
0.0064312928,98416286,1086511830720230000
0.0071838464,914636620938322000,1086514261545940000
0.0071838464,914636620938322000,1086511895379670000
0.0071838464,914636620938322000,1086511832821610000
0.0071838464,914636620938322000,1086512849881630000
0.0071838464,914636620938322000,1086513111258010000
0.0071838464,914636620938322000,1086512896350310000
0.0071838464,914636620938322000,1086513029783710000
0.0071838464,914636620938322000,1086514740879340000
0.0071838464,914636620938322000,1086512914209670000
0.0071838464,914636620938322000,1086513219236220000
0.0071838464,914636620938322000,1086512641986780000
0.0071838464,914636620938322000,1086515222389710000
0.0071838464,914636620938322000,1086513532412280000
0.0020139367,914170644,1086511879298590000
0.0021984409,1011495925,1086511880208670000
0.0018655052,78639496,1086511893999640000
0.0185992273,1089308996,1086511935330370000
0.0023079208,359217238,1086511943890790000
0.0052133097,2970644934,1086511949016380000
0.8599563873,1075605097873330000,1086511958839510000
0.0029102973,3675361162,1086511970411520000
0.0024313662,116079344,1086511972298880000
0.0024313662,116079344,1086512264432180000
0.244462545,852778990192415000,1086511987637600000
0.0343584942,1014132831948240000,1086511997603190000
0.0047253618,1660604018,1086512005861790000
0.0039406236,832069688213520000,1086512009607290000
0.0021009963,188261461,1086523956146760000
0.0021009963,188261461,1086513447536290000
0.0021009963,188261461,1086512018255880000
0.0018018679,230828381,1086512036778070000
0.0020139367,57247813,1086512079585140000
0.244462545,2812375165,1086512132735170000
0.244462545,2812375165,1086512111201640000
0.0343584942,953924588957782000,1086512113177090000
0.0343584942,953924588957782000,1.086513226035e+18
0.0238115685,21942134,1086512135147060000
0.0021009963,959109086,1086512136463900000
0.0021009963,959109086,1086512330635040000
0.3854588813,1085605429441430000,1086512136061360000
0.0185992273,836448789430944000,1086512161118140000
0.0080481113,517293058,1086512162472830000
0.0080481113,517293058,1086512732260600000
0.0071838464,571312454,1086512180642620000
0.0021009963,30590725,1086512211147830000
0.0023079208,96244127,1086512214104630000
0.0021009963,140676962,1086513897232710000
0.0021009963,140676962,1086513734279780000
0.0021009963,140676962,1086512228323350000
0.0039406236,879881761634832000,1086512232672960000
0.0021009963,2681296730,1086512258270680000
0.0036261935,64315090,1086512303883890000
0.0036261935,64315090,1.08651228584e+18
0.0090370494,912243482,1086512290252260000
0.5040161684,1082243658001200000,1086512301614630000
0.0036261935,1016839354818490000,1086517287694360000
0.0036261935,1016839354818490000,1086512317523730000
0.0047253618,29385371,1086521268399090000
0.0047253618,29385371,1086512322946840000
0.7086116866,1083775691756310000,1086512327481060000
0.0024313662,61647348,1086512403460700000
0.002571044,4562136613,1086512403850900000
0.0021009963,956414076,1086512424335930000
0.0021009963,125377691,1086513185245550000
0.0021009963,125377691,1086512424499450000
0.0343584942,784587160456458000,1086512431000540000
0.0019358455,15429688,1086512433227680000
0.0674790608,62809328,1086512438181360000
0.0674790608,62809328,1086516882012890000
0.0020139367,869444938588500000,1086512520783840000
0.0021009963,2562774013,1086512526651620000
0.002571044,885137666798309000,1086512558255660000
0.003353677,2902422914,1086512567378480000
0.0017440334,418177595,1086512585300680000
0.0017440334,418177595,1086512990944410000
0.0024313662,131750663,1086512585984410000
0.2212161603,273507956,1086513707365080000
0.2212161603,273507956,1086512603768200000
0.005778301,72747435,1086512647762260000
0.0020139367,1354461734,1086512660680590000
0.0036261935,349499976,1086512663666930000
0.0024313662,587825968,1086512668771480000
0.0031168176,16955933,1086512671845950000
0.0031168176,49066447,1086512676237440000
0.0039406236,536418173,1086512713293980000
0.0052133097,1029971612836160000,1086512744264810000
0.0052133097,304565372,1086512754779930000
0.0031168176,161084256,1086514743110760000
0.0031168176,161084256,1086513257693830000
0.0031168176,161084256,1086514185708720000
0.0031168176,161084256,1086515617375630000
0.0031168176,161084256,1086514478563410000
0.0031168176,161084256,1086514263404020000
0.0031168176,161084256,1086514324041010000
0.0031168176,161084256,1086514207309400000
0.0031168176,161084256,1086512756931660000
0.0024313662,1968063331,1086512770999210000
0.0039406236,4320501553,1086512806063530000
0.0036261935,41356191,1086512826082980000
0.0031168176,75225475,1086512866017140000
0.0129074374,941148761463579000,1086512866562200000
0.0434208694,853465008,1086512887626110000
0.0071838464,4653362982,1086512914008370000
0.0020139367,223122571,1086512931632640000
0.0018655052,1202292667,1086512942797990000
0.0027296302,745745732162884000,1086512944068780000
0.0052133097,30783565,1086512955703870000
0.0018655052,1328181762,1086512957880550000
0.0238115685,4827244452,1086512958723620000
0.002571044,538715727,1086512966713990000
0.0090370494,830977197439582000,1086512985240210000
0.0164523048,1011414722938320000,1086512992236330000
0.0238115685,877145753000522000,1086513010561240000
0.7936717512,1049549529006060000,1086513020803600000
0.0039406236,2878406147,1086513048297390000
0.0043042405,1031958453500050000,1086513219944910000
0.0043042405,1031958453500050000,1086513049723260000
0.0043042405,1031958453500050000,1086513390128750000
0.0019358455,290751801,1086513078353650000
0.0021984409,2847409956,1086513084854730000
0.0238115685,893186384302879000,1086513143365360000
0.0029102973,321851676,1086513159249320000
0.0080481113,841019808980357000,1086513180204040000
0.0019358455,115682619,1086513230522940000
0.0019358455,258501241,1086513251708330000
0.0021009963,764028354,1086521944625670000
0.0021009963,764028354,1086513277641800000
0.531963409,944829144,1086513284679910000
0.0043042405,1541209908,1086513290795070000
0.0043042405,1541209908,1086513497574260000
0.0036261935,82822316,1086513525915210000
0.0036261935,82822316,1086513306305590000
0.0036261935,82822316,1086513657167530000
0.1998825988,1630247287,1086513317798180000
0.0039406236,716188508411408000,1086513440271660000
0.0039406236,716188508411408000,1086513339369350000
0.0039406236,716188508411408000,1086513542881170000
0.0039406236,716188508411408000,1086513551680760000
0.003353677,393072019,1086513354833870000
0.003353677,393072019,1086515412987200000
0.0129074374,4747069115,1086513355815300000
0.0021009963,841347120460370000,1086513364191330000
0.0090370494,706876630426374000,1086513379743860000
0.3254134937,843650557340500000,1086513392913970000
0.3254134937,843650557340500000,1086513410647470000
0.0021984409,18329178,1086513398030860000
0.0751931141,1080071477943120000,1086513419912530000
0.0751931141,1080071477943120000,1086514156520430000
0.0751931141,1080071477943120000,1086517682575290000
0.0751931141,1080071477943120000,1086513939947520000
0.0021984409,763862288,1086517396406300000
0.0021984409,763862288,1086513424975030000
0.0021984409,763862288,1086514725406470000
0.0021009963,57281133,1086513446257160000
0.8454131176,971132879672619000,1086513449268670000
0.2212161603,72929103,1086513454318600000
0.0029102973,870797046894256000,1086513454842900000
0.0027296302,2825099592,1086513466033070000
0.0543046098,1030707223540810000,1086513646593660000
0.0543046098,1030707223540810000,1086513618709930000
0.0543046098,1030707223540810000,1086514428844030000
0.0543046098,1030707223540810000,1086514322438740000
0.0543046098,1030707223540810000,1086513466884510000
0.0543046098,1030707223540810000,1086513522060610000
0.005778301,1205300634,1086513474392340000
0.0031168176,866990282189017000,1086513479660570000
0.0129074374,1023498547,1086513495363980000
0.0021984409,4130512726,1086514716544070000
0.0021984409,4130512726,1086517788322260000
0.0021984409,4130512726,1086513531275670000
0.0021984409,4130512726,1086516658632570000
0.0021984409,4130512726,1086513742119090000
0.0021984409,4130512726,1086513582127370000
0.0021984409,4130512726,1086520706819650000
0.0021984409,4130512726,1086517436323640000
0.0021984409,4130512726,1086518661437900000
0.0031168176,2203948664,1086513540792550000
0.1457762029,2246498491,1086513579749190000
0.0238115685,1085993513655910000,1086513586330130000
0.0027296302,968449922,1086513590708820000
0.0029102973,722579207142777000,1086513607104290000
0.4458600036,849340002899308000,1086513656861460000
0.0021009963,377393457,1086514255690510000
0.0021009963,377393457,1086513678357130000
0.0017440334,2269919989,1086513707914420000
0.0021009963,30291419,1086513735513060000
0.0018018679,339346949,1086513748725120000
0.0023079208,33119614,1086513767700140000
0.0020139367,113738785,1086513787052740000
0.002571044,67836974,1086521132641960000
0.002571044,67836974,1086513788440920000
0.0023079208,991198752,1086513817524360000
0.0031168176,1299915504,1086513885232780000
0.0031168176,1299915504,1086514416806390000
0.005778301,328822577,1086513887489310000
0.0029102973,2562561229,1086513915419380000
0.4458600036,951002063848210000,1086513953260360000
0.0021984409,817183123469279000,1086513974139440000
0.0021984409,20837042,1086514119014920000
0.0021984409,20837042,1086513974437280000
0.0021984409,20837042,1086514225512540000
0.0039406236,86246085,1086514010747480000
0.0039406236,58412501,1086514022621430000
0.0185992273,884111837532476000,1086514041936360000
0.7530520645,1064257472867780000,1086514048022110000
0.0129074374,4761551041,1086514049708250000
0.0020139367,54624185,1086514057912420000
0.0020139367,3146853704,1086514061385310000
0.0024313662,2400395330,1086514092368490000
0.0023079208,2328495561,1086514107472360000
