,cap.english,cap.universal,categories.content,categories.friend,categories.network,categories.sentiment,categories.temporal,categories.user,display_scores.content,display_scores.english,display_scores.friend,display_scores.network,display_scores.sentiment,display_scores.temporal,display_scores.universal,display_scores.user,scores.english,scores.universal,user.id_str,list2
1,0.641146084,0.943835403,0.621031119,0.720888455,0.936338569,0.884974923,0.907590067,0.962602757,3.1,4.3,3.6,4.7,4.4,4.5,4.9,4.8,0.860167737,0.97351286,3017858529,Hamilton68
2,0.958167115,0.939152273,0.93005489,0.843611525,0.309633279,0.764001561,0.957963941,0.977876235,4.7,4.9,4.2,1.5,3.8,4.8,4.9,4.9,0.973624716,0.971304162,1051439830717090000,Hamilton68
3,0.892355246,0.873148792,0.949619974,0.834573883,0.947254287,0.878020781,0.940158836,0.87366504,4.7,4.7,4.2,4.7,4.4,4.7,4.7,4.4,0.944832576,0.945985488,2731676958,Hamilton68
4,0.923867309,0.845413118,0.85196422,0.852242833,0.925790676,0.319438573,0.952678222,0.845781281,4.3,4.8,4.3,4.6,1.6,4.8,4.7,4.2,0.956753229,0.936923076,1054407936821350000,Hamilton68
5,0.740522658,0.835598072,0.966274321,0.889639416,0.612113315,0.884974923,0.959614262,0.962602757,4.8,4.5,4.4,3.1,4.4,4.8,4.7,4.8,0.89641407,0.933802194,1050524967811590000,Hamilton68
6,0.740522658,0.835598072,0.966274321,0.889639416,0.612113315,0.884974923,0.959614262,0.962602757,4.8,4.5,4.4,3.1,4.4,4.8,4.7,4.8,0.89641407,0.933802194,1050524967811590000,Hamilton68
7,0.386842593,0.829499873,0.621031119,0.23261518,0.493368203,0.726110191,0.17904829,0.927713378,3.1,3.7,1.2,2.5,3.6,0.9,4.7,4.6,0.740529101,0.931876753,860528578886221000,Hamilton68
8,0.386842593,0.829499873,0.621031119,0.23261518,0.493368203,0.726110191,0.17904829,0.927713378,3.1,3.7,1.2,2.5,3.6,0.9,4.7,4.6,0.740529101,0.931876753,860528578886221000,Hamilton68
9,0.386842593,0.829499873,0.621031119,0.23261518,0.493368203,0.726110191,0.17904829,0.927713378,3.1,3.7,1.2,2.5,3.6,0.9,4.7,4.6,0.740529101,0.931876753,860528578886221000,Hamilton68
10,0.904270665,0.812234051,0.741201347,0.815250092,0.917003748,0.655211755,0.734718203,0.904038251,3.7,4.7,4.1,4.6,3.3,3.7,4.6,4.5,0.949115125,0.9264584,932225313119129000,Hamilton68
11,0.565053422,0.812234051,0.925376552,0.91362236,0.921509626,0.933374264,0.928799391,0.904038251,4.6,4.1,4.6,4.6,4.7,4.6,4.6,4.5,0.826453204,0.9264584,916882561321840000,Hamilton68
12,0.565053422,0.812234051,0.925376552,0.91362236,0.921509626,0.933374264,0.928799391,0.904038251,4.6,4.1,4.6,4.6,4.7,4.6,4.6,4.5,0.826453204,0.9264584,916882561321840000,Hamilton68
13,0.511451548,0.793671751,0.653282836,0.55290049,0.833819379,0.41173063,0.288448768,0.889764823,3.3,4,2.8,4.2,2.1,1.4,4.6,4.4,0.800598225,0.920645783,1018134201680510000,Hamilton68
14,0.590677715,0.773904828,0.791067057,0.536297157,0.598331807,0.655211755,0.137911216,0.937418765,4,4.2,2.7,3,3.3,0.7,4.6,4.7,0.838353133,0.914416186,713297716067983000,Hamilton68
15,0.786912482,0.773904828,0.949619974,0.860476554,0.8717529,0.624536584,0.952678222,0.916636687,4.7,4.6,4.3,4.4,3.1,4.8,4.6,4.6,0.911222953,0.914416186,902442397010763000,Hamilton68
16,0.590677715,0.753052064,0.604473547,0.469446866,0.463074603,0.477401077,0.384849463,0.716869234,3,4.2,2.3,2.3,2.4,1.9,4.5,3.6,0.838353133,0.907746547,3244284314,Hamilton68
17,0.892355246,0.753052064,0.876473536,0.907871649,0.8717529,0.854960709,0.598403055,0.7614882,4.4,4.7,4.5,4.4,4.3,3,4.5,3.8,0.944832576,0.907746547,532074109,Hamilton68
18,0.938706315,0.753052064,0.823570814,0.927957504,0.917003748,0.775796169,0.702359505,0.667547437,4.1,4.8,4.6,4.6,3.9,3.5,4.5,3.3,0.963289157,0.907746547,254979327,Hamilton68
19,0.944674263,0.753052064,0.915147612,0.936412222,0.246102383,0.948145863,0.888200296,0.977876235,4.6,4.8,4.7,1.2,4.7,4.4,4.5,4.9,0.966190224,0.907746547,1019988858824470000,Hamilton68
20,0.828458504,0.753052064,0.968476017,0.91362236,0.884728376,0.909435968,0.946764797,0.824524594,4.8,4.6,4.6,4.4,4.5,4.7,4.5,4.1,0.924093996,0.907746547,906104405056991000,Hamilton68
21,0.565053422,0.731245128,0.93005489,0.91362236,0.921509626,0.933374264,0.920152118,0.910537248,4.7,4.1,4.6,4.6,4.7,4.6,4.5,4.6,0.826453204,0.90061363,916882561321840000,Hamilton68
22,0.828458504,0.731245128,0.876473536,0.678746199,0.889378388,0.884974923,0.868358773,0.577046617,4.4,4.6,3.4,4.4,4.4,4.3,4.5,2.9,0.924093996,0.90061363,1079787258,Hamilton68
23,0.846934867,0.731245128,0.81320069,0.868322344,0.224270463,0.764001561,0.414585965,0.970100821,4.1,4.6,4.3,1.1,3.8,2.1,4.5,4.9,0.929866945,0.90061363,3313761045,Hamilton68
24,0.923867309,0.708611687,0.920412076,0.815250092,0.40351138,0.924598762,0.932791332,0.845781281,4.6,4.8,4.1,2,4.6,4.7,4.5,4.2,0.956753229,0.892994217,1037765443895740000,Hamilton68
25,0.923867309,0.708611687,0.897413618,0.633476136,0.943240433,0.878020781,0.921770235,0.854634979,4.5,4.8,3.2,4.7,4.4,4.6,4.5,4.3,0.956753229,0.892994217,1050452963041390000,Hamilton68
26,0.808401005,0.708611687,0.713541769,0.940284276,0.950207036,0.063717928,0.957963941,0.864884946,3.6,4.6,4.7,4.8,0.3,4.8,4.5,4.3,0.917887814,0.892994217,1052455046288360000,Hamilton68
27,0.590677715,0.685259263,0.668916287,0.918476502,0.681971276,0.164926807,0.170117236,0.732290532,3.3,4.2,4.6,3.4,0.8,0.9,4.4,3.7,0.838353133,0.884865341,1129088815,Hamilton68
28,0.878874155,0.685259263,0.868717243,0.783067857,0.40351138,0.937397659,0.853528611,0.747168119,4.3,4.7,3.9,2,4.7,4.3,4.4,3.7,0.940212305,0.884865341,1574126809,Hamilton68
29,0.828458504,0.685259263,0.860551414,0.720888455,0.76636414,0.36433814,0.553012983,0.87366504,4.3,4.6,3.6,3.8,1.8,2.8,4.4,4.4,0.924093996,0.884865341,751739681935597000,Hamilton68
30,0.203165259,0.685259263,0.247652714,0.617796595,0.523710577,0.427948527,0.491226002,0.910537248,1.2,3.2,3.1,2.6,2.1,2.5,4.4,4.6,0.631054837,0.884865341,1027866495852970000,Hamilton68
31,0.666276782,0.685259263,0.860551414,0.815250092,0.890777784,0.726110191,0.940158836,0.650178254,4.3,4.4,4.1,4.5,3.6,4.7,4.4,3.3,0.8701192,0.884865341,902651875924656000,Hamilton68
32,0.716143502,0.685259263,0.823570814,0.51961296,0.568829433,0.576660718,0.642166361,0.910537248,4.1,4.4,2.6,2.8,2.9,3.2,4.4,4.6,0.888218495,0.884865341,932225313119129000,Hamilton68
33,0.386842593,0.685259263,0.260883085,0.55290049,0.627138728,0.608797244,0.642166361,0.747168119,1.3,3.7,2.8,3.1,3,3.2,4.4,3.7,0.740529101,0.884865341,1010986331223330000,Hamilton68
34,0.075832357,0.661263571,0.349176123,0.834573883,0.598331807,0.08670852,0.670125997,0.538941032,1.7,2.3,4.2,3,0.4,3.4,4.4,2.7,0.463592191,0.876204548,1023492425275320000,Hamilton68
35,0.786912482,0.661263571,0.779298411,0.7594616,0.694992981,0.460818772,0.188341809,0.927713378,3.9,4.6,3.8,3.5,2.3,0.9,4.4,4.6,0.911222953,0.876204548,1018134201680510000,Hamilton68
36,0.452279002,0.661263571,0.604473547,0.387667639,0.707710027,0.751784998,0.865405966,0.831966186,3,3.9,1.9,3.5,3.8,4.3,4.4,4.2,0.771954233,0.876204548,1043237859296200000,Hamilton68
37,0.286868665,0.636663704,0.349176123,0.469446866,0.433051152,0.204946688,0.137911216,0.813060067,1.7,3.4,2.3,2.2,1,0.7,4.3,4.1,0.688417762,0.866990193,998183508433625000,Hamilton68
38,0.286868665,0.636663704,0.349176123,0.469446866,0.433051152,0.204946688,0.137911216,0.813060067,1.7,3.4,2.3,2.2,1,0.7,4.3,4.1,0.688417762,0.866990193,998183508433625000,Hamilton68
39,0.286868665,0.636663704,0.349176123,0.469446866,0.433051152,0.204946688,0.137911216,0.813060067,1.7,3.4,2.3,2.2,1,0.7,4.3,4.1,0.688417762,0.866990193,998183508433625000,Hamilton68
40,0.180362038,0.636663704,0.349176123,0.436280911,0.47820136,0.319438573,0.288448768,0.788421501,1.7,3.1,2.2,2.4,1.6,1.4,4.3,3.9,0.610975721,0.866990193,998183508433625000,Hamilton68
41,0.180362038,0.636663704,0.349176123,0.436280911,0.47820136,0.319438573,0.288448768,0.788421501,1.7,3.1,2.2,2.4,1.6,1.4,4.3,3.9,0.610975721,0.866990193,998183508433625000,Hamilton68
42,0.740522658,0.636663704,0.958744005,0.868322344,0.508547261,0.897852531,0.932791332,0.684472733,4.8,4.5,4.3,2.5,4.5,4.7,4.3,3.4,0.89641407,0.866990193,1033826073031660000,Hamilton68
43,0.863746418,0.636663704,0.621031119,0.734158617,0.463074603,0.494033347,0.61320476,0.881952456,3.1,4.7,3.7,2.3,2.5,3.1,4.3,4.4,0.935231612,0.866990193,1310079828,Hamilton68
44,0.352890442,0.636663704,0.727591126,0.486150388,0.755316728,0.395702202,0.642166361,0.916636687,3.6,3.6,2.4,3.8,2,3.2,4.3,4.6,0.723800247,0.866990193,888539220,Hamilton68
45,0.76420234,0.636663704,0.920412076,0.69316718,0.755316728,0.775796169,0.955395663,0.87366504,4.6,4.5,3.5,3.8,3.9,4.8,4.3,4.4,0.904073657,0.866990193,891915584077791000,Hamilton68
46,0.590677715,0.636663704,0.88383286,0.882892467,0.842063538,0.787165524,0.957963941,0.845781281,4.4,4.2,4.4,4.2,3.9,4.8,4.3,4.2,0.838353133,0.866990193,906009639707230000,Hamilton68
47,0.931813711,0.611464314,0.833483127,0.747019268,0.448015507,0.951323751,0.780168042,0.970100821,4.2,4.8,3.7,2.2,4.8,3.9,4.3,4.9,0.960149429,0.857201769,921968384224329000,Hamilton68
48,0.931813711,0.611464314,0.833483127,0.747019268,0.448015507,0.951323751,0.780168042,0.970100821,4.2,4.8,3.7,2.2,4.8,3.9,4.3,4.9,0.960149429,0.857201769,921968384224329000,Hamilton68
49,0.590677715,0.611464314,0.88383286,0.91362236,0.583655528,0.884974923,0.583419726,0.813060067,4.4,4.2,4.6,2.9,4.4,2.9,4.3,4.1,0.838353133,0.857201769,1033772823674870000,Hamilton68
50,0.590677715,0.611464314,0.920412076,0.932307174,0.553878927,0.818718988,0.936574743,0.684472733,4.6,4.2,4.7,2.8,4.1,4.7,4.3,3.4,0.838353133,0.857201769,905294931316629000,Hamilton68
51,0.976633962,0.939152273,0.958744005,0.943934665,0.950207036,0.964620804,0.949803923,0.976140878,4.8,4.9,4.7,4.8,4.8,4.7,4.9,4.9,0.987587512,0.971304162,1026304643742100000,#MAGA
52,0.892355246,0.933880075,0.89080836,0.834573883,0.958152287,0.86302443,0.941015114,0.859570072,4.5,4.7,4.2,4.8,4.3,4.7,4.8,4.3,0.944832576,0.968917167,1052293554104490000,#MAGA
53,0.975495959,0.92794059,0.968476017,0.932307174,0.925790676,0.964620804,0.924589514,0.977876235,4.8,4.9,4.7,4.6,4.8,4.6,4.8,4.9,0.986496791,0.966338496,1044089711227060000,#MAGA
54,0.975495959,0.92794059,0.968476017,0.932307174,0.925790676,0.964620804,0.924589514,0.977876235,4.8,4.9,4.7,4.6,4.8,4.6,4.8,4.9,0.986496791,0.966338496,1044089711227060000,#MAGA
55,0.971057044,0.92794059,0.958744005,0.956534474,0.907280585,0.964620804,0.642166361,0.979488026,4.8,4.9,4.8,4.5,4.8,3.2,4.8,4.9,0.982625849,0.966338496,943261823201103000,#MAGA
56,0.938706315,0.921247939,0.955893562,0.7594616,0.958152287,0.964620804,0.937478896,0.868643084,4.8,4.8,3.8,4.8,4.8,4.7,4.8,4.3,0.963289157,0.963553942,1051897700667580000,#MAGA
57,0.904270665,0.921247939,0.727591126,0.927957504,0.958152287,0.954316265,0.933995864,0.859570072,3.6,4.7,4.6,4.8,4.8,4.7,4.8,4.3,0.949115125,0.963553942,1051896781271900000,#MAGA
58,0.966942358,0.913709531,0.958744005,0.936412222,0.896546844,0.959783561,0.942625812,0.868643084,4.8,4.9,4.7,4.5,4.8,4.7,4.8,4.3,0.979459179,0.960548448,1051895632288400000,#MAGA
59,0.961514759,0.913709531,0.968476017,0.947374397,0.955648704,0.966824351,0.951511148,0.859570072,4.8,4.9,4.7,4.8,4.8,4.8,4.8,4.3,0.975729596,0.960548448,1051898050963300000,#MAGA
60,0.971057044,0.913709531,0.972469623,0.947374397,0.91226383,0.962276607,0.936205521,0.834281327,4.9,4.9,4.7,4.6,4.8,4.7,4.8,4.2,0.982625849,0.960548448,981045489788510000,#MAGA
61,0.938706315,0.913709531,0.955893562,0.860476554,0.958152287,0.951323751,0.951280494,0.893492993,4.8,4.8,4.3,4.8,4.8,4.8,4.8,4.5,0.963289157,0.960548448,957382751816175000,#MAGA
62,0.938706315,0.913709531,0.955893562,0.882892467,0.958152287,0.951323751,0.945460233,0.893492993,4.8,4.8,4.4,4.8,4.8,4.7,4.8,4.5,0.963289157,0.960548448,981282285214412000,#MAGA
63,0.863746418,0.913709531,0.920412076,0.91362236,0.909813607,0.897852531,0.370283068,0.927713378,4.6,4.7,4.6,4.5,4.5,1.9,4.8,4.6,0.935231612,0.960548448,4658381036,#MAGA
64,0.969139671,0.905227907,0.970538363,0.902116699,0.958152287,0.957133095,0.891763967,0.868643084,4.9,4.9,4.5,4.8,4.8,4.5,4.8,4.3,0.981107475,0.95730609,1051897207098620000,#MAGA
65,0.954302626,0.905227907,0.963924583,0.932307174,0.743921493,0.948145863,0.915477481,0.970100821,4.8,4.9,4.7,3.7,4.7,4.6,4.8,4.9,0.971342649,0.95730609,1051817540437980000,#MAGA
66,0.969139671,0.905227907,0.96141767,0.932307174,0.66865868,0.954316265,0.951511148,0.908591721,4.8,4.9,4.7,3.3,4.8,4.8,4.8,4.5,0.981107475,0.95730609,980713406452953000,#MAGA
67,0.961514759,0.895703741,0.968476017,0.927957504,0.940846422,0.966824351,0.919695491,0.920195394,4.8,4.9,4.6,4.7,4.8,4.6,4.8,4.6,0.975729596,0.95381007,982082361025155000,#MAGA
68,0.923867309,0.895703741,0.93005489,0.936412222,0.627138728,0.903799925,0.919400057,0.974272983,4.7,4.8,4.7,3.1,4.5,4.6,4.8,4.9,0.956753229,0.95381007,743750890658488000,#MAGA
69,0.969139671,0.895703741,0.966274321,0.950614135,0.787402011,0.951323751,0.946764797,0.89418326,4.8,4.9,4.8,3.9,4.8,4.7,4.8,4.5,0.981107475,0.95381007,978795425753960000,#MAGA
70,0.964418786,0.895703741,0.96141767,0.936412222,0.953002689,0.957133095,0.935037599,0.908591721,4.8,4.9,4.7,4.8,4.8,4.7,4.8,4.5,0.977670349,0.95381007,976588875576553000,#MAGA
71,0.954302626,0.895703741,0.968476017,0.940284276,0.933714565,0.903799925,0.943552603,0.974272983,4.8,4.9,4.7,4.7,4.5,4.7,4.8,4.9,0.971342649,0.95381007,979914456930181000,#MAGA
72,0.91473169,0.893471697,0.96141767,0.794225599,0.949483874,0.948145863,0.914251723,0.868643084,4.8,4.8,4,4.7,4.7,4.6,4.8,4.3,0.953081736,0.953009776,1051898859637650000,#MAGA
73,0.954302626,0.885040207,0.963924583,0.907871649,0.940846422,0.964620804,0.946226659,0.85264853,4.8,4.9,4.5,4.7,4.8,4.7,4.8,4.3,0.971342649,0.950042715,972044312044363000,#MAGA
74,0.964418786,0.885040207,0.970538363,0.902116699,0.950207036,0.964620804,0.790614557,0.974272983,4.9,4.9,4.5,4.8,4.8,4,4.8,4.9,0.977670349,0.950042715,980050819780370000,#MAGA
75,0.958167115,0.885040207,0.970538363,0.950614135,0.921509626,0.966824351,0.920152118,0.91420337,4.9,4.9,4.8,4.6,4.8,4.6,4.8,4.6,0.973624716,0.950042715,979195625806946000,#MAGA
76,0.961514759,0.885040207,0.958744005,0.923351319,0.707710027,0.933374264,0.774806269,0.96777567,4.8,4.9,4.6,3.5,4.7,3.9,4.8,4.8,0.975729596,0.950042715,1049728117831470000,#MAGA
77,0.961514759,0.885040207,0.96141767,0.932307174,0.953002689,0.957133095,0.945460233,0.893492993,4.8,4.9,4.7,4.8,4.8,4.7,4.8,4.5,0.975729596,0.950042715,981150025530138000,#MAGA
78,0.666276782,0.885040207,0.952855861,0.860476554,0.925790676,0.517799759,0.953311594,0.81179227,4.8,4.4,4.3,4.6,2.6,4.8,4.8,4.1,0.8701192,0.950042715,1052294166351400000,#MAGA
79,0.949837022,0.885040207,0.949619974,0.950614135,0.76636414,0.957133095,0.920152118,0.959705336,4.7,4.8,4.8,3.8,4.8,4.6,4.8,4.8,0.968869444,0.950042715,1052490911651740000,#MAGA
80,0.938706315,0.885040207,0.958744005,0.747019268,0.958152287,0.884974923,0.868358773,0.910537248,4.8,4.8,3.7,4.8,4.4,4.3,4.8,4.6,0.963289157,0.950042715,999325987,#MAGA
81,0.954302626,0.873148792,0.958744005,0.927957504,0.929856001,0.957133095,0.949803923,0.932728293,4.8,4.9,4.6,4.6,4.8,4.7,4.7,4.7,0.971342649,0.945985488,975370583423766000,#MAGA
82,0.944674263,0.873148792,0.948778713,0.907871649,0.947989602,0.964620804,0.948965973,0.829183614,4.7,4.8,4.5,4.7,4.8,4.7,4.7,4.1,0.966190224,0.945985488,1051894985103200000,#MAGA
83,0.954302626,0.873148792,0.963924583,0.87579063,0.940846422,0.964620804,0.903405466,0.920644826,4.8,4.9,4.4,4.7,4.8,4.5,4.7,4.6,0.971342649,0.945985488,947168606210723000,#MAGA
84,0.966942358,0.873148792,0.966274321,0.932307174,0.940846422,0.962276607,0.936574743,0.868643084,4.8,4.9,4.7,4.7,4.8,4.7,4.7,4.3,0.979459179,0.945985488,1051896080131110000,#MAGA
85,0.944674263,0.873148792,0.947347015,0.882892467,0.958152287,0.941193397,0.952513564,0.945897074,4.7,4.8,4.4,4.8,4.7,4.8,4.7,4.7,0.966190224,0.945985488,1051898906311700000,#MAGA
86,0.966942358,0.873148792,0.966274321,0.932307174,0.940846422,0.962276607,0.926977455,0.877213636,4.8,4.9,4.7,4.7,4.8,4.6,4.7,4.4,0.979459179,0.945985488,1051897312564380000,#MAGA
87,0.966942358,0.873148792,0.966274321,0.936412222,0.940846422,0.962276607,0.931169233,0.870093775,4.8,4.9,4.7,4.7,4.8,4.7,4.7,4.4,0.979459179,0.945985488,972830261628071000,#MAGA
88,0.949837022,0.873148792,0.96141767,0.947374397,0.940846422,0.962276607,0.875284365,0.877862964,4.8,4.8,4.7,4.7,4.8,4.4,4.7,4.4,0.968869444,0.945985488,947501662129795000,#MAGA
89,0.931813711,0.873148792,0.946174529,0.927957504,0.958152287,0.944772548,0.934858823,0.823317652,4.7,4.8,4.6,4.8,4.7,4.7,4.7,4.1,0.960149429,0.945985488,1052294561073190000,#MAGA
90,0.958167115,0.859956387,0.938607316,0.940284276,0.755316728,0.914772951,0.932791332,0.96777567,4.7,4.9,4.7,3.8,4.6,4.7,4.7,4.8,0.973624716,0.941619005,1047209220439990000,#MAGA
91,0.969139671,0.859956387,0.970538363,0.940284276,0.907280585,0.962276607,0.939809138,0.861169821,4.9,4.9,4.7,4.5,4.8,4.7,4.7,4.3,0.981107475,0.941619005,950781500655656000,#MAGA
92,0.961514759,0.859956387,0.966274321,0.947374397,0.950207036,0.964620804,0.938250198,0.806163497,4.8,4.9,4.7,4.8,4.8,4.7,4.7,4,0.975729596,0.941619005,1051898147142790000,#MAGA
93,0.958167115,0.859956387,0.96141767,0.932307174,0.950207036,0.964620804,0.939179916,0.907333966,4.8,4.9,4.7,4.8,4.8,4.7,4.7,4.5,0.973624716,0.941619005,982753357919027000,#MAGA
94,0.949837022,0.859956387,0.942507717,0.950614135,0.890777784,0.966824351,0.855965652,0.956607926,4.7,4.8,4.8,4.5,4.8,4.3,4.7,4.8,0.968869444,0.941619005,993666064293814000,#MAGA
95,0.904270665,0.859956387,0.909569136,0.825122226,0.884728376,0.957133095,0.952678222,0.941802602,4.5,4.7,4.1,4.4,4.8,4.8,4.7,4.7,0.949115125,0.941619005,1034935970959940000,#MAGA
96,0.904270665,0.859956387,0.909569136,0.825122226,0.884728376,0.957133095,0.952678222,0.941802602,4.5,4.7,4.1,4.4,4.8,4.8,4.7,4.7,0.949115125,0.941619005,1034935970959940000,#MAGA
97,0.966942358,0.845413118,0.966274321,0.936412222,0.940846422,0.962276607,0.939558184,0.893492993,4.8,4.9,4.7,4.7,4.8,4.7,4.7,4.5,0.979459179,0.936923076,981002887496007000,#MAGA
98,0.91473169,0.829499873,0.968476017,0.918476502,0.884728376,0.951323751,0.949803923,0.916636687,4.8,4.8,4.6,4.4,4.8,4.7,4.7,4.6,0.953081736,0.931876753,1020211390500520000,#MAGA
99,0.319258204,0.829499873,0.066206203,0.55290049,0.109970068,0.277655342,0.275894648,0.945897074,0.3,3.5,2.8,0.5,1.4,1.4,4.7,4.7,0.706420424,0.931876753,976872402519912000,#MAGA
100,0.846934867,0.829499873,0.952855861,0.918476502,0.743921493,0.933374264,0.952678222,0.732290532,4.8,4.6,4.6,3.7,4.7,4.8,4.7,3.7,0.929866945,0.931876753,1045933914030650000,#MAGA
101,0.971057044,0.962982465,0.949619974,0.91362236,0.911435918,0.933374264,0.955395663,0.979488026,4.7,4.9,4.6,4.6,4.7,4.8,4.9,4.9,0.982625849,0.983672409,1045563934030350000,Random
102,0.136400302,0.956983214,0.188451281,0.91362236,0.911435918,0.443264812,0.936574743,0.962602757,0.9,2.8,4.6,4.6,2.2,4.7,4.9,4.8,0.563379052,0.980260439,1665439500,Random
103,0.716143502,0.955014664,0.318160931,0.91362236,0.339819089,0.147392934,0.940158836,0.813060067,1.6,4.4,4.6,1.7,0.7,4.7,4.9,4.1,0.888218495,0.979191061,3406198154,Random
104,0.482700521,0.955014664,0.247652714,0.839869123,0.899717411,0.040950532,0.875284365,0.932728293,1.2,3.9,4.2,4.5,0.2,4.4,4.9,4.7,0.786626298,0.979191061,977694448372146000,Random
105,0.944674263,0.951707783,0.431992025,0.959234565,0.720110381,0.787165524,0.920152118,0.970100821,2.2,4.8,4.8,3.6,3.9,4.6,4.9,4.9,0.966190224,0.977444884,720881883060379000,Random
106,0.565053422,0.947999744,0.621031119,0.771479184,0.938260401,0.443264812,0.837340698,0.922355737,3.1,4.1,3.9,4.7,2.2,4.2,4.9,4.6,0.826453204,0.975555835,864085062974713000,Random
107,0.386842593,0.947999744,0.621031119,0.91362236,0.929856001,0.116958291,0.888200296,0.974272983,3.1,3.7,4.6,4.6,0.6,4.4,4.9,4.9,0.740529101,0.975555835,1039127297075410000,Random
108,0.786912482,0.943835403,0.587672863,0.91362236,0.911435918,0.142987447,0.861109621,0.956607926,2.9,4.6,4.6,4.6,0.7,4.3,4.9,4.8,0.911222953,0.97351286,4848566081,Random
109,0.846934867,0.943835403,0.916046449,0.889639416,0.943270134,0.443264812,0.683681567,0.949718859,4.6,4.6,4.4,4.7,2.2,3.4,4.9,4.7,0.929866945,0.97351286,929004198787563000,Random
110,0.958167115,0.942007284,0.909089646,0.91362236,0.911435918,0.443264812,0.933845012,0.962602757,4.5,4.9,4.6,4.6,2.2,4.7,4.9,4.8,0.973624716,0.972640064,765091278916841000,Random
111,0.974204075,0.942007284,0.972469623,0.91362236,0.911435918,0.443264812,0.933845012,0.962602757,4.9,4.9,4.6,4.6,2.2,4.7,4.9,4.8,0.985311652,0.972640064,1047146944269830000,Random
112,0.974204075,0.942007284,0.972469623,0.91362236,0.911435918,0.443264812,0.933845012,0.962602757,4.9,4.9,4.6,4.6,2.2,4.7,4.9,4.8,0.985311652,0.972640064,986598299032420000,Random
113,0.898534253,0.942007284,0.910106721,0.91362236,0.911435918,0.443264812,0.933845012,0.962602757,4.6,4.7,4.6,4.6,2.2,4.7,4.9,4.8,0.947026182,0.972640064,1049018121758160000,Random
114,0.726369286,0.942007284,0.909569136,0.91362236,0.911435918,0.914772951,0.933845012,0.962602757,4.5,4.5,4.6,4.6,4.6,4.7,4.9,4.8,0.891700088,0.972640064,1046395973080100000,Random
115,0.808401005,0.939152273,0.942507717,0.469446866,0.929437268,0.933374264,0.946764797,0.96777567,4.7,4.6,2.3,4.6,4.7,4.7,4.9,4.8,0.917887814,0.971304162,1044362215632100000,Random
116,0.666276782,0.939152273,0.637311442,0.91362236,0.911435918,0.914772951,0.920152118,0.864884946,3.2,4.4,4.6,4.6,4.6,4.6,4.9,4.3,0.8701192,0.971304162,724875631771656000,Random
117,0.920961013,0.937464025,0.958744005,0.707220047,0.904490282,0.443264812,0.907590067,0.962602757,4.8,4.8,3.5,4.5,2.2,4.5,4.9,4.8,0.955560944,0.970528952,1004137944347600000,Random
118,0.828458504,0.933880075,0.938607316,0.91362236,0.911435918,0.291206365,0.861109621,0.96777567,4.7,4.6,4.6,4.6,1.5,4.3,4.8,4.8,0.924093996,0.968917167,859411926421393000,Random
119,0.482700521,0.933880075,0.260883085,0.923351319,0.953002689,0.103889657,0.780168042,0.959705336,1.3,3.9,4.6,4.8,0.5,3.9,4.8,4.8,0.786626298,0.968917167,1039129892921590000,Random
120,0.125145748,0.92794059,0.124704686,0.91362236,0.911435918,0.443264812,0.888200296,0.972263009,0.6,2.7,4.6,4.6,2.2,4.4,4.8,4.9,0.548702008,0.966338496,2880344041,Random
121,0.716143502,0.92794059,0.365197468,0.91362236,0.911435918,0.608797244,0.875284365,0.889764823,1.8,4.4,4.6,4.6,3,4.4,4.8,4.4,0.888218495,0.966338496,905613186,Random
122,0.590677715,0.921247939,0.914876263,0.91362236,0.911435918,0.443264812,0.861109621,0.95328401,4.6,4.2,4.6,4.6,2.2,4.3,4.8,4.8,0.838353133,0.963553942,700607630163640000,Random
123,0.386842593,0.921247939,0.81320069,0.91362236,0.911435918,0.726110191,0.861109621,0.965276172,4.1,3.7,4.6,4.6,3.6,4.3,4.8,4.8,0.740529101,0.963553942,1035531402492740000,Random
124,0.420205046,0.921247939,0.934460704,0.91362236,0.944136733,0.443264812,0.899931538,0.558079309,4.7,3.8,4.6,4.7,2.2,4.5,4.8,2.8,0.756585473,0.963553942,748265256913244000,Random
125,0.828458504,0.921247939,0.866041405,0.923351319,0.76636414,0.443264812,0.670125997,0.977876235,4.3,4.6,4.6,3.8,2.2,3.4,4.8,4.9,0.924093996,0.963553942,1037994104041480000,Random
126,0.004268306,0.913709531,0.333488397,0.91362236,0.947254287,0.0384138,0.915477481,0.667547437,1.7,0.5,4.6,4.7,0.2,4.6,4.8,3.3,0.108277007,0.960548448,746201788802437000,Random
127,0.944674263,0.913709531,0.501354771,0.932307174,0.743921493,0.081122625,0.928799391,0.927713378,2.5,4.8,4.7,3.7,0.4,4.6,4.8,4.6,0.966190224,0.960548448,990992133568937000,Random
128,0.91473169,0.913709531,0.942507717,0.868322344,0.863383565,0.933374264,0.780168042,0.927713378,4.7,4.8,4.3,4.3,4.7,3.9,4.8,4.6,0.953081736,0.960548448,1001089908784680000,Random
129,0.716143502,0.913709531,0.796775684,0.843611525,0.849972295,0.386840932,0.932791332,0.916636687,4,4.4,4.2,4.2,1.9,4.7,4.8,4.6,0.888218495,0.960548448,2382155287,Random
130,0.904270665,0.905227907,0.897413618,0.419890699,0.929437268,0.897852531,0.952678222,0.932728293,4.5,4.7,2.1,4.6,4.5,4.8,4.8,4.7,0.949115125,0.95730609,1046125066331780000,Random
131,0.938706315,0.905227907,0.93005489,0.913320754,0.388985982,0.870707632,0.946764797,0.965276172,4.7,4.8,4.6,1.9,4.4,4.7,4.8,4.8,0.963289157,0.95730609,1014871261959320000,Random
132,0.716143502,0.905227907,0.629207977,0.902116699,0.958152287,0.036028306,0.937358352,0.89712048,3.1,4.4,4.5,4.8,0.2,4.7,4.8,4.5,0.888218495,0.95730609,1048272240893030000,Random
133,0.954302626,0.895703741,0.915147612,0.771479184,0.583655528,0.937397659,0.943552603,0.972263009,4.6,4.9,3.9,2.9,4.7,4.7,4.8,4.9,0.971342649,0.95381007,791937704351010000,Random
134,0.482700521,0.895703741,0.199356987,0.902116699,0.955648704,0.443264812,0.928799391,0.7614882,1,3.9,4.5,4.8,2.2,4.6,4.8,3.8,0.786626298,0.95381007,1044841553607490000,Random
135,0.76420234,0.895703741,0.604473547,0.91362236,0.911435918,0.91982315,0.642166361,0.945897074,3,4.5,4.6,4.6,4.6,3.2,4.8,4.7,0.904073657,0.95381007,396004666,Random
136,0.786912482,0.895703741,0.475205058,0.852242833,0.463074603,0.510678834,0.924589514,0.949718859,2.4,4.6,4.3,2.3,2.6,4.6,4.8,4.7,0.911222953,0.95381007,2847271754,Random
137,0.808401005,0.895703741,0.536184833,0.91362236,0.944136733,0.684646233,0.88189516,0.864884946,2.7,4.6,4.6,4.7,3.4,4.4,4.8,4.3,0.917887814,0.95381007,31176555,Random
138,0.046773783,0.895703741,0.222571318,0.91362236,0.950207036,0.204946688,0.88189516,0.684472733,1.1,1.9,4.6,4.8,1,4.4,4.8,3.4,0.380551857,0.95381007,2556724310,Random
139,0.904270665,0.895703741,0.89080836,0.918476502,0.583655528,0.828393199,0.955395663,0.945897074,4.5,4.7,4.6,2.9,4.1,4.8,4.8,4.7,0.949115125,0.95381007,1048657239920330000,Random
140,0.052723484,0.895703741,0.120945557,0.804952397,0.904490282,0.443264812,0.80069147,0.970100821,0.6,2,4,4.5,2.2,4,4.8,4.9,0.400861391,0.95381007,4767490513,Random
141,0.110463768,0.885040207,0.27456232,0.91362236,0.911435918,0.443264812,0.946764797,0.965276172,1.4,2.6,4.6,4.6,2.2,4.7,4.8,4.8,0.527496824,0.950042715,715502185069424000,Random
142,0.961514759,0.885040207,0.968476017,0.932307174,0.884728376,0.959783561,0.949803923,0.916636687,4.8,4.9,4.7,4.4,4.8,4.7,4.8,4.6,0.975729596,0.950042715,1017341191040480000,Random
143,0.666276782,0.885040207,0.587672863,0.815250092,0.627138728,0.36433814,0.940158836,0.881952456,2.9,4.4,4.1,3.1,1.8,4.7,4.8,4.4,0.8701192,0.950042715,1043210354115920000,Random
144,0.511451548,0.885040207,0.802367303,0.923351319,0.588320404,0.443264812,0.861109621,0.855595507,4,4,4.6,2.9,2.2,4.3,4.8,4.3,0.800598225,0.950042715,1036665530902440000,Random
145,0.180362038,0.885040207,0.110250333,0.69316718,0.787402011,0.105876723,0.683681567,0.972263009,0.6,3.1,3.5,3.9,0.5,3.4,4.8,4.9,0.610975721,0.950042715,874558533248876000,Random
146,0.740522658,0.873148792,0.915147612,0.868322344,0.936598399,0.443264812,0.949803923,0.932728293,4.6,4.5,4.3,4.7,2.2,4.7,4.7,4.7,0.89641407,0.945985488,1036956583161420000,Random
147,0.075832357,0.873148792,0.621031119,0.91362236,0.911435918,0.91982315,0.746623074,0.970100821,3.1,2.3,4.6,4.6,4.6,3.7,4.7,4.9,0.463592191,0.945985488,769848982990311000,Random
148,0.938706315,0.873148792,0.823570814,0.868322344,0.568829433,0.933374264,0.706660902,0.970100821,4.1,4.8,4.3,2.8,4.7,3.5,4.7,4.9,0.963289157,0.945985488,886236162750373000,Random
149,0.863746418,0.859956387,0.868717243,0.707220047,0.701859505,0.878020781,0.427175994,0.959705336,4.3,4.7,3.5,3.5,4.4,2.1,4.7,4.8,0.935231612,0.941619005,4687840987,Random
150,0.386842593,0.859956387,0.536184833,0.91362236,0.911435918,0.0384138,0.910555773,0.835428345,2.7,3.7,4.6,4.6,0.2,4.6,4.7,4.2,0.740529101,0.941619005,2991805250,Random
